city_name,province_name
Malvinas Argentinas,Buenos Aires
Ministro Rivadavia,Buenos Aires
Adrogué,Buenos Aires
Burzaco,Buenos Aires
Claypole,Buenos Aires
Don Orione,Buenos Aires
Glew,Buenos Aires
José Mármol,Buenos Aires
Longchamps,Buenos Aires
Rafael Calzada,Buenos Aires
San Francisco Solano,Buenos Aires
San José,Buenos Aires
Gerli,Buenos Aires
Piñeyro,Buenos Aires
Sarandí,Buenos Aires
Villa Domínico,Buenos Aires
Wilde,Buenos Aires
Área Reserva Cinturón Ecológico,Buenos Aires
Avellaneda,Buenos Aires
Crucesita,Buenos Aires
Dock Sud,Buenos Aires
Bahía Blanca,Buenos Aires
Grünbein,Buenos Aires
Ingeniero White,Buenos Aires
Villa Bordeau,Buenos Aires
Villa Espora,Buenos Aires
Berazategui,Buenos Aires
Berazategui Oeste,Buenos Aires
Carlos Tomás Sourigues,Buenos Aires
El Pato,Buenos Aires
Guillermo Enrique Hudson,Buenos Aires
Juan María Gutiérrez,Buenos Aires
Pereyra,Buenos Aires
Plátanos,Buenos Aires
Ranelagh,Buenos Aires
Villa España,Buenos Aires
Barrio Banco Provincia,Buenos Aires
Barrio El Carmen Este,Buenos Aires
Barrio Universitario,Buenos Aires
Berisso,Buenos Aires
Los Talas,Buenos Aires
Villa Argüello,Buenos Aires
Villa Dolores,Buenos Aires
Villa Independencia,Buenos Aires
Villa Nueva,Buenos Aires
Villa Porteña,Buenos Aires
Villa Progreso,Buenos Aires
Villa San Carlos,Buenos Aires
Villa Zula,Buenos Aires
Punta Alta,Buenos Aires
Villa del Mar,Buenos Aires
Chascomús,Buenos Aires
Barrio San Cayetano,Buenos Aires
Dique N° 1,Buenos Aires
Ensenada,Buenos Aires
Isla Santiago,Buenos Aires
Punta Lara,Buenos Aires
Villa Catela,Buenos Aires
Belén de Escobar,Buenos Aires
El Cazador,Buenos Aires
Garín,Buenos Aires
Ingeniero Maschwitz,Buenos Aires
Loma Verde,Buenos Aires
Matheu,Buenos Aires
Maquinista F. Savio Este,Buenos Aires
Canning,Buenos Aires
El Jagüel,Buenos Aires
Luis Guillón,Buenos Aires
Monte Grande,Buenos Aires
9 de Abril,Buenos Aires
El Remanso,Buenos Aires
Morón,Buenos Aires
Parada Robles,Buenos Aires
Pavón,Buenos Aires
Aeropuerto Internacional Ezeiza,Buenos Aires
Canning,Buenos Aires
Carlos Spegazzini,Buenos Aires
José María Ezeiza,Buenos Aires
La Unión,Buenos Aires
Tristán Suárez,Buenos Aires
Bosques,Buenos Aires
Estanislao Severo Zeballos,Buenos Aires
San Juan Bautista,Buenos Aires
Gobernador Julio A. Costa,Buenos Aires
Ingeniero Juan Allan,Buenos Aires
Villa Brown,Buenos Aires
Villa San Luis,Buenos Aires
Villa Santa Rosa,Buenos Aires
Villa Vatteone,Buenos Aires
El Tropezón,Buenos Aires
La Capilla,Buenos Aires
Barrio Kennedy,Buenos Aires
General Juan Madariaga,Buenos Aires
Camet,Buenos Aires
Estación Camet,Buenos Aires
Mar del Plata,Buenos Aires
Punta Mogotes,Buenos Aires
Barrio El Casal,Buenos Aires
Barrio Colinas Verdes,Buenos Aires
Barrio El Coyunco,Buenos Aires
Barrio Gambier,Buenos Aires
Barrio La Gloria,Buenos Aires
Sierra de los Padres,Buenos Aires
Barrio Morabo,Buenos Aires
Barrio Ruta 24 Kilómetro 10,Buenos Aires
Country Club Bosque Real,Buenos Aires
General Rodríguez,Buenos Aires
Villa Yapeyú,Buenos Aires
Barrio Parque General San Martín,Buenos Aires
Billinghurst,Buenos Aires
Ciudad del Libertador General San Martín,Buenos Aires
Ciudad Jardín El Libertador,Buenos Aires
Villa Ayacucho,Buenos Aires
Villa Ballester,Buenos Aires
Villa Bernardo Monteagudo,Buenos Aires
Villa Chacabuco,Buenos Aires
Villa Coronel José M. Zapiola,Buenos Aires
Villa General Antonio J. de Sucre,Buenos Aires
Villa General Eugenio Necochea,Buenos Aires
Villa General José Tomás Guido,Buenos Aires
Villa General Juan G. Las Heras,Buenos Aires
Villa Godoy Cruz,Buenos Aires
Villa Granaderos de San Martín,Buenos Aires
Villa Gregoria Matorras,Buenos Aires
Villa José León Suárez,Buenos Aires
Villa Juan Martín de Pueyrredón,Buenos Aires
Villa Libertad,Buenos Aires
Villa Lynch,Buenos Aires
Villa Maipú,Buenos Aires
Va.María Irene de los Remedios Escalada,Buenos Aires
Va.Marqués Alejandro María de Aguado,Buenos Aires
Villa Parque Presidente Figueroa Alcorta,Buenos Aires
Villa Parque San Lorenzo,Buenos Aires
Villa San Andrés,Buenos Aires
Hurlingham,Buenos Aires
Villa Santos Tesei,Buenos Aires
William C. Morris,Buenos Aires
Ituzaingó Centro,Buenos Aires
Ituzaingó Sur,Buenos Aires
Villa Gobernador Udadondo,Buenos Aires
Del Viso,Buenos Aires
José C. Paz,Buenos Aires
Tortuguitas,Buenos Aires
Aguas Verdes,Buenos Aires
Lucila del Mar,Buenos Aires
Mar de Ajó,Buenos Aires
Mar de Ajó Norte,Buenos Aires
San Bernardo,Buenos Aires
Mar del Tuyú,Buenos Aires
Santa Teresita,Buenos Aires
Aldo Bonzi,Buenos Aires
Ciudad Evita,Buenos Aires
González Catán,Buenos Aires
Gregorio de Laferrere,Buenos Aires
Isidro Casanova,Buenos Aires
La Tablada,Buenos Aires
Lomas del Mirador,Buenos Aires
Rafael Castillo,Buenos Aires
Ramos Mejía,Buenos Aires
San Justo,Buenos Aires
Tapiales,Buenos Aires
20 de Junio,Buenos Aires
Villa Eduardo Madero,Buenos Aires
Villa Luzuriaga,Buenos Aires
Virrey del Pino,Buenos Aires
Gerli,Buenos Aires
Lanús Este,Buenos Aires
Lanús Oeste,Buenos Aires
Monte Chingolo,Buenos Aires
Remedios de Escalada de San Martín,Buenos Aires
Valentín Alsina,Buenos Aires
Abasto,Buenos Aires
Ángel Etcheverry,Buenos Aires
Arana,Buenos Aires
Arturo Seguí,Buenos Aires
Barrio El Carmen Oeste,Buenos Aires
Barrio Las Malvinas,Buenos Aires
Barrio Las Quintas,Buenos Aires
City Bell,Buenos Aires
El Retiro,Buenos Aires
Joaquín Gorina,Buenos Aires
José Hernández,Buenos Aires
José Melchor Romero,Buenos Aires
La Cumbre,Buenos Aires
La Plata,Buenos Aires
Lisandro Olmos,Buenos Aires
Los Hornos,Buenos Aires
Manuel B. Gonnet,Buenos Aires
Ringuelet,Buenos Aires
Rufino de Elizalde,Buenos Aires
Tolosa,Buenos Aires
Transradio,Buenos Aires
Villa Elisa,Buenos Aires
Villa Elvira,Buenos Aires
Villa Garibaldi,Buenos Aires
Villa Montoro,Buenos Aires
Villa Parque Sicardi,Buenos Aires
Banfield,Buenos Aires
Llavallol,Buenos Aires
Lomas de Zamora,Buenos Aires
Temperley,Buenos Aires
Turdera,Buenos Aires
Villa Centenario,Buenos Aires
Villa Fiorito,Buenos Aires
Barrio Las Casuarinas,Buenos Aires
Cortines,Buenos Aires
Lezica y Torrezuri,Buenos Aires
Luján,Buenos Aires
Villa Flandria Norte,Buenos Aires
Villa Flandria Sur,Buenos Aires
Country Club Las Praderas,Buenos Aires
Open Door,Buenos Aires
Área de Promoción El Triángulo,Buenos Aires
Grand Bourg,Buenos Aires
Ingeniero Adolfo Sourdeaux,Buenos Aires
Ingeniero Pablo Nogués,Buenos Aires
Los Polvorines,Buenos Aires
Malvinas Argentinas,Buenos Aires
Tortuguitas,Buenos Aires
Villa de Mayo,Buenos Aires
La Baliza,Buenos Aires
La Caleta,Buenos Aires
Mar de Cobo,Buenos Aires
Atlántida,Buenos Aires
Camet Norte,Buenos Aires
Frente Mar,Buenos Aires
Playa Dorada,Buenos Aires
Santa Clara del Mar,Buenos Aires
Santa Elena,Buenos Aires
Barrio Lisandro de la Torre y Santa Marta,Buenos Aires
Marcos Paz,Buenos Aires
Libertad,Buenos Aires
Mariano Acosta,Buenos Aires
Merlo,Buenos Aires
Pontevedra,Buenos Aires
San Antonio de Padua,Buenos Aires
Cuartel V,Buenos Aires
Francisco Álvarez,Buenos Aires
La Reja,Buenos Aires
Moreno,Buenos Aires
Paso del Rey,Buenos Aires
Trujui,Buenos Aires
Castelar,Buenos Aires
El Palomar,Buenos Aires
Haedo,Buenos Aires
Villa Sarmiento,Buenos Aires
Necochea,Buenos Aires
Quequén,Buenos Aires
Costa Bonita,Buenos Aires
Colonia Hinojo,Buenos Aires
Hinojo,Buenos Aires
Sierras Bayas,Buenos Aires
Villa Arrieta,Buenos Aires
Del Viso,Buenos Aires
Fátima,Buenos Aires
La Lonja,Buenos Aires
Los Cachorros,Buenos Aires
Manzanares,Buenos Aires
Manzone,Buenos Aires
Maquinista F. Savio Oeste,Buenos Aires
Pilar,Buenos Aires
Presidente Derqui,Buenos Aires
Roberto de Vicenzo,Buenos Aires
Santa Teresa,Buenos Aires
Tortuguitas,Buenos Aires
Villa Astolfi,Buenos Aires
Villa Rosa,Buenos Aires
Zelaya,Buenos Aires
Cariló,Buenos Aires
Ostende,Buenos Aires
Pinamar,Buenos Aires
Valeria del Mar,Buenos Aires
Barrio América Unida,Buenos Aires
Guernica,Buenos Aires
Bernal,Buenos Aires
Bernal Oeste,Buenos Aires
Don Bosco,Buenos Aires
Ezpeleta,Buenos Aires
Ezpeleta Oeste,Buenos Aires
Quilmes,Buenos Aires
Quilmes Oeste,Buenos Aires
San Francisco Solano,Buenos Aires
Villa La Florida,Buenos Aires
Barrio Las Margaritas,Buenos Aires
Rojas,Buenos Aires
Villa Parque Cecir,Buenos Aires
San Fernando,Buenos Aires
Victoria,Buenos Aires
Virreyes,Buenos Aires
Acasusso,Buenos Aires
Béccar,Buenos Aires
Boulogne Sur Mer,Buenos Aires
Martínez,Buenos Aires
San Isidro,Buenos Aires
Villa Adelina,Buenos Aires
Bella Vista,Buenos Aires
Campo de Mayo,Buenos Aires
Muñiz,Buenos Aires
San Miguel,Buenos Aires
La Emilia,Buenos Aires
Villa Campi,Buenos Aires
Villa Canto,Buenos Aires
Villa Riccio,Buenos Aires
Campos Salles,Buenos Aires
San Nicolás de los Arroyos,Buenos Aires
Alejandro Korn,Buenos Aires
San Vicente,Buenos Aires
Domselaar,Buenos Aires
Benavídez,Buenos Aires
Dique Luján,Buenos Aires
Don Torcuato Este,Buenos Aires
Don Torcuato Oeste,Buenos Aires
El Talar,Buenos Aires
General Pacheco,Buenos Aires
Troncos del Talar,Buenos Aires
Ricardo Rojas,Buenos Aires
Rincón de Milberg,Buenos Aires
Tigre,Buenos Aires
Claromecó,Buenos Aires
Dunamar,Buenos Aires
Caseros,Buenos Aires
Churruca,Buenos Aires
Ciudad Jardín Lomas del Palomar,Buenos Aires
Ciudadela,Buenos Aires
El Libertador,Buenos Aires
José Ingenieros,Buenos Aires
Loma Hermosa,Buenos Aires
Martín Coronado,Buenos Aires
11 de Septiembre,Buenos Aires
Pablo Podestá,Buenos Aires
Remedios de Escalada,Buenos Aires
Sáenz Peña,Buenos Aires
Santos Lugares,Buenos Aires
Villa Bosch,Buenos Aires
Villa Raffo,Buenos Aires
Carapachay,Buenos Aires
Florida,Buenos Aires
Florida Oeste,Buenos Aires
La Lucila,Buenos Aires
Munro,Buenos Aires
Olivos,Buenos Aires
Vicente López,Buenos Aires
Villa Adelina,Buenos Aires
Villa Martelli,Buenos Aires
Mar Azul,Buenos Aires
Mar de las Pampas,Buenos Aires
Barrio Saavedra,Buenos Aires
Zárate,Buenos Aires
Reta,Buenos Aires
Rojas,Buenos Aires
Carhué,Buenos Aires
Colonia San Miguel Arcángel,Buenos Aires
Delfín Huergo,Buenos Aires
Espartillar,Buenos Aires
Esteban Agustín Gascón,Buenos Aires
La Pala,Buenos Aires
Maza,Buenos Aires
Rivera,Buenos Aires
Villa Margarita,Buenos Aires
Adolfo Gonzales Chaves,Buenos Aires
De La Garma,Buenos Aires
Juan E. Barra,Buenos Aires
Vásquez,Buenos Aires
Alberti,Buenos Aires
Coronel Seguí,Buenos Aires
Mechita,Buenos Aires
Pla,Buenos Aires
Villa Grisolía,Buenos Aires
Villa María,Buenos Aires
Villa Ortiz,Buenos Aires
Almirante Brown,Buenos Aires
Avellaneda,Buenos Aires
Ayacucho,Buenos Aires
La Constancia,Buenos Aires
Solanet,Buenos Aires
Udaquiola,Buenos Aires
Ariel,Buenos Aires
Azul,Buenos Aires
Cacharí,Buenos Aires
Chillar,Buenos Aires
16 de Julio,Buenos Aires
Bahía Blanca,Buenos Aires
Cabildo,Buenos Aires
General Daniel Cerri,Buenos Aires
Balcarce,Buenos Aires
Los Pinos,Buenos Aires
Napaleofú,Buenos Aires
Ramos Otero,Buenos Aires
San Agustín,Buenos Aires
Villa Laguna La Brava,Buenos Aires
Baradero,Buenos Aires
Irineo Portela,Buenos Aires
Santa Coloma,Buenos Aires
Villa Alsina,Buenos Aires
Arrecifes,Buenos Aires
Todd,Buenos Aires
Viña,Buenos Aires
Barker,Buenos Aires
Benito Juárez,Buenos Aires
López,Buenos Aires
Tedín Uriburu,Buenos Aires
Villa Cacique,Buenos Aires
Berazategui,Buenos Aires
Berisso,Buenos Aires
Hale,Buenos Aires
Juan F. Ibarra,Buenos Aires
Paula,Buenos Aires
Pirovano,Buenos Aires
San Carlos de Bolívar,Buenos Aires
Urdampilleta,Buenos Aires
Villa Lynch Pueyrredón,Buenos Aires
Bragado,Buenos Aires
Comodoro Py,Buenos Aires
General O'Brien,Buenos Aires
Irala,Buenos Aires
La Limpia,Buenos Aires
Juan F. Salaberry,Buenos Aires
Mechita,Buenos Aires
Olascoaga,Buenos Aires
Warnes,Buenos Aires
Altamirano,Buenos Aires
Barrio Las Golondrinas,Buenos Aires
Barrio Los Bosquecitos,Buenos Aires
Barrio Parque Las Acacias,Buenos Aires
Coronel Brandsen,Buenos Aires
Gómez,Buenos Aires
Jeppener,Buenos Aires
Oliden,Buenos Aires
Samborombón,Buenos Aires
Los Cardales,Buenos Aires
Barrio Los Pioneros (Barrio Tavella),Buenos Aires
Alejandro Petión,Buenos Aires
Barrio El Taladro,Buenos Aires
Cañuelas,Buenos Aires
Gobernador Udaondo,Buenos Aires
Santa Rosa,Buenos Aires
Uribelarrea,Buenos Aires
Vicente Casares,Buenos Aires
Capitán Sarmiento,Buenos Aires
La Luisa,Buenos Aires
Bellocq,Buenos Aires
Cadret,Buenos Aires
Carlos Casares,Buenos Aires
Colonia Mauricio,Buenos Aires
Hortensia,Buenos Aires
La Sofía,Buenos Aires
Mauricio Hirsch,Buenos Aires
Moctezuma,Buenos Aires
Ordoqui,Buenos Aires
Smith,Buenos Aires
Colón,Buenos Aires
Carlos Tejedor,Buenos Aires
Colonia Seré,Buenos Aires
Curarú,Buenos Aires
Timote,Buenos Aires
Tres Algarrobos,Buenos Aires
Carmen de Areco,Buenos Aires
Pueblo Gouin,Buenos Aires
Tres Sargentos,Buenos Aires
Castelli,Buenos Aires
Centro Guerrero,Buenos Aires
Cerro de la Gloria,Buenos Aires
Villa Manuel Pomar,Buenos Aires
Pearson,Buenos Aires
Sarasa,Buenos Aires
Villa General Arias,Buenos Aires
Bajo Hondo,Buenos Aires
Balneario Pehuen Co,Buenos Aires
Punta Alta,Buenos Aires
Aparicio,Buenos Aires
Marisol,Buenos Aires
Coronel Dorrego,Buenos Aires
El Perdido,Buenos Aires
Faro,Buenos Aires
Irene,Buenos Aires
Oriente,Buenos Aires
San Román,Buenos Aires
Coronel Pringles,Buenos Aires
El Divisorio,Buenos Aires
El Pensamiento,Buenos Aires
Indio Rico,Buenos Aires
Lartigau,Buenos Aires
Cascada,Buenos Aires
Coronel Suárez,Buenos Aires
Curamalal,Buenos Aires
D'Orbigny,Buenos Aires
Huanguelén,Buenos Aires
Pasman,Buenos Aires
San José,Buenos Aires
Santa María,Buenos Aires
Santa Trinidad,Buenos Aires
Villa La Arcadia,Buenos Aires
Castilla,Buenos Aires
Chacabuco,Buenos Aires
Los Angeles,Buenos Aires
O'Higgins,Buenos Aires
Rawson,Buenos Aires
Chascomús,Buenos Aires
Manuel J. Cobo,Buenos Aires
Villa Parque Girado,Buenos Aires
Chivilcoy,Buenos Aires
Emilio Ayarza,Buenos Aires
Gorostiaga,Buenos Aires
La Rica,Buenos Aires
Moquehuá,Buenos Aires
Ramón Biaus,Buenos Aires
San Sebastián,Buenos Aires
Andant,Buenos Aires
Arboledas,Buenos Aires
Daireaux,Buenos Aires
La Larga,Buenos Aires
Salazar,Buenos Aires
Dolores,Buenos Aires
Sevigne,Buenos Aires
Ensenada,Buenos Aires
Escobar,Buenos Aires
Esteban Echeverría,Buenos Aires
Arroyo de la Cruz,Buenos Aires
Parada Orlando,Buenos Aires
Parada Robles - Pavón,Buenos Aires
Ezeiza,Buenos Aires
Florencio Varela,Buenos Aires
Blaquier,Buenos Aires
Florentino Ameghino,Buenos Aires
Porvenir,Buenos Aires
Comandante Nicanor Otamendi,Buenos Aires
Mar del Sur,Buenos Aires
Mechongué,Buenos Aires
Miramar,Buenos Aires
General Alvear,Buenos Aires
Casbas,Buenos Aires
Arribeños,Buenos Aires
Ascensión,Buenos Aires
Estación Arenales,Buenos Aires
Ferré,Buenos Aires
General Arenales,Buenos Aires
La Angelita,Buenos Aires
La Trinidad,Buenos Aires
General Belgrano,Buenos Aires
Gorchs,Buenos Aires
General Guido,Buenos Aires
Labardén,Buenos Aires
General Juan Madariaga,Buenos Aires
General La Madrid,Buenos Aires
La Colina,Buenos Aires
Las Martinetas,Buenos Aires
Líbano,Buenos Aires
Pontaut,Buenos Aires
General Hornos,Buenos Aires
General Las Heras,Buenos Aires
La Choza,Buenos Aires
Plomer,Buenos Aires
General Lavalle,Buenos Aires
Barrio Río Salado,Buenos Aires
Loma Verde,Buenos Aires
Ranchos,Buenos Aires
Villanueva,Buenos Aires
Colonia San Ricardo,Buenos Aires
General Pinto,Buenos Aires
Germania,Buenos Aires
Villa Francia,Buenos Aires
Villa Roth,Buenos Aires
Barrio Santa Paula,Buenos Aires
Batán,Buenos Aires
Chapadmalal,Buenos Aires
El Marquesado,Buenos Aires
Estación Chapadmalal,Buenos Aires
Mar del Plata,Buenos Aires
Sierra de los Padres,Buenos Aires
General Rodríguez,Buenos Aires
General San Martín,Buenos Aires
Baigorrita,Buenos Aires
La Delfina,Buenos Aires
Los Toldos,Buenos Aires
San Emilio,Buenos Aires
Zavalía,Buenos Aires
Banderaló,Buenos Aires
Cañada Seca,Buenos Aires
Coronel Charlone,Buenos Aires
Emilio V. Bunge,Buenos Aires
General Villegas,Buenos Aires
Massey,Buenos Aires
Pichincha,Buenos Aires
Piedritas,Buenos Aires
Santa Eleodora,Buenos Aires
Santa Regina,Buenos Aires
Villa Saboya,Buenos Aires
Villa Sauze,Buenos Aires
Arroyo Venado,Buenos Aires
Garré,Buenos Aires
Guaminí,Buenos Aires
Laguna Alsina,Buenos Aires
Henderson,Buenos Aires
Herrera Vegas,Buenos Aires
Hurlingham,Buenos Aires
Ituzaingó,Buenos Aires
José C. Paz,Buenos Aires
Agustín Roca,Buenos Aires
Agustina,Buenos Aires
Balneario Laguna de Gómez,Buenos Aires
Fortín Tiburcio,Buenos Aires
Junín,Buenos Aires
Laplacette,Buenos Aires
Saforcada,Buenos Aires
Las Toninas,Buenos Aires
Mar de Ajó - San Bernardo,Buenos Aires
San Clemente del Tuyú,Buenos Aires
Santa Teresita - Mar del Tuyú,Buenos Aires
La Matanza,Buenos Aires
Lanús,Buenos Aires
La Plata,Buenos Aires
Laprida,Buenos Aires
Pueblo Nuevo,Buenos Aires
Pueblo San Jorge,Buenos Aires
Coronel Boerr,Buenos Aires
El Trigo,Buenos Aires
Las Flores,Buenos Aires
Pardo,Buenos Aires
Alberdi Viejo,Buenos Aires
El Dorado,Buenos Aires
Fortín Acha,Buenos Aires
Juan Bautista Alberdi,Buenos Aires
Leandro N. Alem,Buenos Aires
Vedia,Buenos Aires
Arenaza,Buenos Aires
Bayauca,Buenos Aires
Bermúdez,Buenos Aires
Carlos Salas,Buenos Aires
Coronel Martínez de Hoz,Buenos Aires
El Triunfo,Buenos Aires
Las Toscas,Buenos Aires
Lincoln,Buenos Aires
Pasteur,Buenos Aires
Roberts,Buenos Aires
Triunvirato,Buenos Aires
Arenas Verdes,Buenos Aires
Licenciado Matienzo,Buenos Aires
Lobería,Buenos Aires
Pieres,Buenos Aires
San Manuel,Buenos Aires
Tamangueyú,Buenos Aires
Antonio Carboni,Buenos Aires
Elvira,Buenos Aires
Laguna de Lobos,Buenos Aires
Lobos,Buenos Aires
Salvador María,Buenos Aires
Lomas de Zamora,Buenos Aires
Carlos Keen,Buenos Aires
Luján,Buenos Aires
Olivera,Buenos Aires
Torres,Buenos Aires
Atalaya,Buenos Aires
General Mansilla,Buenos Aires
Los Naranjos,Buenos Aires
Magdalena,Buenos Aires
Roberto J. Payró,Buenos Aires
Vieytes,Buenos Aires
Las Armas,Buenos Aires
Maipú,Buenos Aires
Santo Domingo,Buenos Aires
Malvinas Argentinas,Buenos Aires
Coronel Vidal,Buenos Aires
General Pirán,Buenos Aires
La Armonía,Buenos Aires
Mar Chiquita,Buenos Aires
Mar de Cobo,Buenos Aires
Santa Clara del Mar,Buenos Aires
Vivoratá,Buenos Aires
Marcos Paz,Buenos Aires
Gowland,Buenos Aires
Mercedes,Buenos Aires
Jorge Born,Buenos Aires
Merlo,Buenos Aires
Abbott,Buenos Aires
San Miguel del Monte,Buenos Aires
Zenón Videla Dorna,Buenos Aires
Balneario Sauce Grande,Buenos Aires
Monte Hermoso,Buenos Aires
Moreno,Buenos Aires
Morón,Buenos Aires
José Juan Almeyra,Buenos Aires
Las Marianas,Buenos Aires
Navarro,Buenos Aires
Villa Moll,Buenos Aires
Claraz,Buenos Aires
Juan N. Fernández,Buenos Aires
Necochea - Quequén,Buenos Aires
Nicanor Olivera,Buenos Aires
Ramón Santamarina,Buenos Aires
Alfredo Demarchi,Buenos Aires
Carlos María Naón,Buenos Aires
12 de Octubre,Buenos Aires
Dudignac,Buenos Aires
La Aurora,Buenos Aires
Manuel B. Gonnet,Buenos Aires
Recalde,Buenos Aires
Marcelino Ugarte,Buenos Aires
Morea,Buenos Aires
Norumbega,Buenos Aires
9 de Julio,Buenos Aires
Patricios,Buenos Aires
Villa Fournier,Buenos Aires
Colonia San Miguel,Buenos Aires
Espigas,Buenos Aires
Hinojo,Buenos Aires
Olavarría,Buenos Aires
Santa Luisa,Buenos Aires
Sierra Chica,Buenos Aires
Sierras Bayas,Buenos Aires
Villa Alfredo Fortabat,Buenos Aires
Villa La Serranía,Buenos Aires
Bahía San Blas,Buenos Aires
Cardenal Cagliero,Buenos Aires
Carmen de Patagones,Buenos Aires
José B. Casas,Buenos Aires
Juan A. Pradere,Buenos Aires
Stroeder,Buenos Aires
Villalonga,Buenos Aires
Capitán Castro,Buenos Aires
San Esteban,Buenos Aires
Francisco Madero,Buenos Aires
Juan José Paso,Buenos Aires
Magdala,Buenos Aires
Mones Cazón,Buenos Aires
Nueva Plata,Buenos Aires
Pehuajó,Buenos Aires
San Bernardo,Buenos Aires
Bocayuva,Buenos Aires
De Bary,Buenos Aires
Pellegrini,Buenos Aires
Acevedo,Buenos Aires
Fontezuela,Buenos Aires
Guerrico,Buenos Aires
Juan A. de la Peña,Buenos Aires
Juan Anchorena,Buenos Aires
La Violeta,Buenos Aires
Manuel Ocampo,Buenos Aires
Mariano Benítez,Buenos Aires
Mariano H. Alfonzo,Buenos Aires
Pergamino,Buenos Aires
Pinzón,Buenos Aires
Rancagua,Buenos Aires
Villa Angélica,Buenos Aires
Villa San José,Buenos Aires
Casalins,Buenos Aires
Pila,Buenos Aires
Pilar,Buenos Aires
Pinamar,Buenos Aires
Presidente Perón,Buenos Aires
Azopardo,Buenos Aires
Bordenave,Buenos Aires
Darregueira,Buenos Aires
17 de Agosto,Buenos Aires
Estela,Buenos Aires
Felipe Solá,Buenos Aires
López Lecube,Buenos Aires
Puán,Buenos Aires
San Germán,Buenos Aires
Villa Castelar,Buenos Aires
Villa Iris,Buenos Aires
Alvarez Jonte,Buenos Aires
Pipinas,Buenos Aires
Punta Indio,Buenos Aires
Verónica,Buenos Aires
Quilmes,Buenos Aires
El Paraíso,Buenos Aires
Las Bahamas,Buenos Aires
Pérez Millán,Buenos Aires
Ramallo,Buenos Aires
Villa General Savio,Buenos Aires
Villa Ramallo,Buenos Aires
Rauch,Buenos Aires
América,Buenos Aires
Fortín Olavarría,Buenos Aires
González Moreno,Buenos Aires
Mira Pampa,Buenos Aires
Roosevelt,Buenos Aires
San Mauricio,Buenos Aires
Sansinena,Buenos Aires
Sundblad,Buenos Aires
La Beba,Buenos Aires
Las Carabelas,Buenos Aires
Los Indios,Buenos Aires
Rafael Obligado,Buenos Aires
Roberto Cano,Buenos Aires
Sol de Mayo,Buenos Aires
Villa Manuel Pomar,Buenos Aires
Carlos Beguerie,Buenos Aires
Roque Pérez,Buenos Aires
Obligado,Buenos Aires
Arroyo Corto,Buenos Aires
Colonia San Martín,Buenos Aires
Dufaur,Buenos Aires
Espartillar,Buenos Aires
Goyena,Buenos Aires
Pigüé,Buenos Aires
Saavedra,Buenos Aires
Álvarez de Toledo,Buenos Aires
Cazón,Buenos Aires
Del Carril,Buenos Aires
Polvaredas,Buenos Aires
Arroyo Dulce,Buenos Aires
Berdier,Buenos Aires
Gahan,Buenos Aires
Inés Indart,Buenos Aires
La Invencible,Buenos Aires
Salto,Buenos Aires
Quenumá,Buenos Aires
Salliqueló,Buenos Aires
Azcuénaga,Buenos Aires
Cucullú,Buenos Aires
Franklin,Buenos Aires
San Andrés de Giles,Buenos Aires
Solís,Buenos Aires
Villa Espil,Buenos Aires
Villa Ruiz,Buenos Aires
Duggan,Buenos Aires
San Antonio de Areco,Buenos Aires
Villa Lía,Buenos Aires
Balneario San Cayetano,Buenos Aires
Ochandío,Buenos Aires
San Cayetano,Buenos Aires
San Fernando,Buenos Aires
San Isidro,Buenos Aires
San Miguel,Buenos Aires
Conesa,Buenos Aires
Erezcano,Buenos Aires
General Rojo,Buenos Aires
La Emilia,Buenos Aires
San Nicolás de los Arroyos,Buenos Aires
Villa Esperanza,Buenos Aires
Gobernador Castro,Buenos Aires
Pueblo Doyle,Buenos Aires
Río Tala,Buenos Aires
San Pedro,Buenos Aires
Santa Lucía,Buenos Aires
San Vicente,Buenos Aires
General Rivas,Buenos Aires
Suipacha,Buenos Aires
De la Canal,Buenos Aires
Gardey,Buenos Aires
María Ignacia,Buenos Aires
Tandil,Buenos Aires
Crotto,Buenos Aires
Tapalqué,Buenos Aires
Velloso,Buenos Aires
Tigre,Buenos Aires
General Conesa,Buenos Aires
Chasicó,Buenos Aires
Tornquist,Buenos Aires
Tres Picos,Buenos Aires
La Gruta,Buenos Aires
Villa Ventana,Buenos Aires
Berutti,Buenos Aires
Girodias,Buenos Aires
La Carreta,Buenos Aires
30 de Agosto,Buenos Aires
Trenque Lauquen,Buenos Aires
Trongé,Buenos Aires
Balneario Orense,Buenos Aires
Claromecó,Buenos Aires
Copetonas,Buenos Aires
Lin Calel,Buenos Aires
Micaela Cascallares,Buenos Aires
Orense,Buenos Aires
San Francisco de Bellocq,Buenos Aires
San Mayol,Buenos Aires
Tres Arroyos,Buenos Aires
Villa Rodríguez,Buenos Aires
Tres de Febrero,Buenos Aires
Ingeniero Thompson,Buenos Aires
Tres Lomas,Buenos Aires
Agustín Mosconi,Buenos Aires
Del Valle,Buenos Aires
Ernestina,Buenos Aires
Gobernador Ugarte,Buenos Aires
Lucas Monteverde,Buenos Aires
Norberto de la Riestra,Buenos Aires
Pedernales,Buenos Aires
San Enrique,Buenos Aires
Valdés,Buenos Aires
25 de Mayo,Buenos Aires
Vicente López,Buenos Aires
Mar Azul,Buenos Aires
Villa Gesell,Buenos Aires
Argerich,Buenos Aires
Hilario Ascasubi,Buenos Aires
Juan Cousté,Buenos Aires
Mayor Buratovich,Buenos Aires
Médanos,Buenos Aires
Pedro Luro,Buenos Aires
Teniente Origone,Buenos Aires
Escalada,Buenos Aires
Lima,Buenos Aires
Zárate,Buenos Aires
Saavedra,Ciudad Autónoma De Buenos Aires
Constitución,Ciudad Autónoma De Buenos Aires
Villa Urquiza,Ciudad Autónoma De Buenos Aires
Monserrat,Ciudad Autónoma De Buenos Aires
Retiro,Ciudad Autónoma De Buenos Aires
Recoleta,Ciudad Autónoma De Buenos Aires
Boedo,Ciudad Autónoma De Buenos Aires
Villa del Parque,Ciudad Autónoma De Buenos Aires
Villa Devoto,Ciudad Autónoma De Buenos Aires
Caballito,Ciudad Autónoma De Buenos Aires
Villa General Mitre,Ciudad Autónoma De Buenos Aires
Villa Santa Rita,Ciudad Autónoma De Buenos Aires
Balvanera,Ciudad Autónoma De Buenos Aires
Flores,Ciudad Autónoma De Buenos Aires
Coghlan,Ciudad Autónoma De Buenos Aires
Parque Chacabuco,Ciudad Autónoma De Buenos Aires
Villa Pueyrredón,Ciudad Autónoma De Buenos Aires
San Nicolás,Ciudad Autónoma De Buenos Aires
San Cristóbal,Ciudad Autónoma De Buenos Aires
Villa Lugano,Ciudad Autónoma De Buenos Aires
Belgrano,Ciudad Autónoma De Buenos Aires
Colegiales,Ciudad Autónoma De Buenos Aires
Villa Riachuelo,Ciudad Autónoma De Buenos Aires
Nuñez,Ciudad Autónoma De Buenos Aires
Palermo,Ciudad Autónoma De Buenos Aires
Barracas,Ciudad Autónoma De Buenos Aires
Villa Soldati,Ciudad Autónoma De Buenos Aires
Agronomía,Ciudad Autónoma De Buenos Aires
Chacarita,Ciudad Autónoma De Buenos Aires
Liniers,Ciudad Autónoma De Buenos Aires
Parque Chas,Ciudad Autónoma De Buenos Aires
Paternal,Ciudad Autónoma De Buenos Aires
Puerto Madero,Ciudad Autónoma De Buenos Aires
San Telmo,Ciudad Autónoma De Buenos Aires
Boca,Ciudad Autónoma De Buenos Aires
Mataderos,Ciudad Autónoma De Buenos Aires
Villa Crespo,Ciudad Autónoma De Buenos Aires
Villa Ortúzar,Ciudad Autónoma De Buenos Aires
Parque Avellaneda,Ciudad Autónoma De Buenos Aires
Nueva Pompeya,Ciudad Autónoma De Buenos Aires
Floresta,Ciudad Autónoma De Buenos Aires
Monte Castro,Ciudad Autónoma De Buenos Aires
Parque Patricios,Ciudad Autónoma De Buenos Aires
Vélez Sarsfield,Ciudad Autónoma De Buenos Aires
Versalles,Ciudad Autónoma De Buenos Aires
Almagro,Ciudad Autónoma De Buenos Aires
Villa Luro,Ciudad Autónoma De Buenos Aires
Villa Real,Ciudad Autónoma De Buenos Aires
Ciudad de Buenos Aires,Ciudad Autónoma De Buenos Aires
Saavedra,Ciudad Autónoma De Buenos Aires
Constitución,Ciudad Autónoma De Buenos Aires
Villa Urquiza,Ciudad Autónoma De Buenos Aires
Monserrat,Ciudad Autónoma De Buenos Aires
Retiro,Ciudad Autónoma De Buenos Aires
Recoleta,Ciudad Autónoma De Buenos Aires
Boedo,Ciudad Autónoma De Buenos Aires
Villa del Parque,Ciudad Autónoma De Buenos Aires
Villa Devoto,Ciudad Autónoma De Buenos Aires
Caballito,Ciudad Autónoma De Buenos Aires
Villa General Mitre,Ciudad Autónoma De Buenos Aires
Villa Santa Rita,Ciudad Autónoma De Buenos Aires
Balvanera,Ciudad Autónoma De Buenos Aires
Flores,Ciudad Autónoma De Buenos Aires
Coghlan,Ciudad Autónoma De Buenos Aires
Parque Chacabuco,Ciudad Autónoma De Buenos Aires
Villa Pueyrredón,Ciudad Autónoma De Buenos Aires
San Nicolás,Ciudad Autónoma De Buenos Aires
San Cristóbal,Ciudad Autónoma De Buenos Aires
Villa Lugano,Ciudad Autónoma De Buenos Aires
Belgrano,Ciudad Autónoma De Buenos Aires
Colegiales,Ciudad Autónoma De Buenos Aires
Villa Riachuelo,Ciudad Autónoma De Buenos Aires
Nuñez,Ciudad Autónoma De Buenos Aires
Palermo,Ciudad Autónoma De Buenos Aires
Barracas,Ciudad Autónoma De Buenos Aires
Villa Soldati,Ciudad Autónoma De Buenos Aires
Agronomía,Ciudad Autónoma De Buenos Aires
Chacarita,Ciudad Autónoma De Buenos Aires
Liniers,Ciudad Autónoma De Buenos Aires
Parque Chas,Ciudad Autónoma De Buenos Aires
Paternal,Ciudad Autónoma De Buenos Aires
Puerto Madero,Ciudad Autónoma De Buenos Aires
San Telmo,Ciudad Autónoma De Buenos Aires
Boca,Ciudad Autónoma De Buenos Aires
Mataderos,Ciudad Autónoma De Buenos Aires
Villa Crespo,Ciudad Autónoma De Buenos Aires
Villa Ortúzar,Ciudad Autónoma De Buenos Aires
Parque Avellaneda,Ciudad Autónoma De Buenos Aires
Nueva Pompeya,Ciudad Autónoma De Buenos Aires
Floresta,Ciudad Autónoma De Buenos Aires
Monte Castro,Ciudad Autónoma De Buenos Aires
Parque Patricios,Ciudad Autónoma De Buenos Aires
Vélez Sarsfield,Ciudad Autónoma De Buenos Aires
Versalles,Ciudad Autónoma De Buenos Aires
Almagro,Ciudad Autónoma De Buenos Aires
Villa Luro,Ciudad Autónoma De Buenos Aires
Villa Real,Ciudad Autónoma De Buenos Aires
Ciudad de Buenos Aires,Ciudad Autónoma De Buenos Aires
Las Mojarras,Catamarca
Buena Vista,Catamarca
El Alamito,Catamarca
Aconquija,Catamarca
Alto de las Juntas,Catamarca
El Lindero,Catamarca
La Mesada,Catamarca
Los Ángeles Norte,Catamarca
Los Ángeles Sur,Catamarca
El Hueco,Catamarca
La Carrera,Catamarca
La Falda de San Antonio,Catamarca
La Tercena,Catamarca
San Antonio,Catamarca
San José,Catamarca
Chañar Punco,Catamarca
Lampacito,Catamarca
Medanitos,Catamarca
Famatanca,Catamarca
San José Banda,Catamarca
El Cerrito,Catamarca
Casa de Piedra,Catamarca
La Puntilla,Catamarca
Palo Seco,Catamarca
San José Norte,Catamarca
San José Villa,Catamarca
Copacabana,Catamarca
La Puntilla,Catamarca
Fiambalá,Catamarca
La Ramadita,Catamarca
Pampa Blanca,Catamarca
El Bañado,Catamarca
Polcos,Catamarca
Pozo del Mistol,Catamarca
San Isidro,Catamarca
Santa Rosa,Catamarca
Sumalao,Catamarca
Villa Dolores,Catamarca
Chuchucaruana,Catamarca
Colpes,Catamarca
El Bolsón,Catamarca
El Rodeo,Catamarca
Huaycama,Catamarca
La Puerta,Catamarca
Las Chacritas,Catamarca
Las Juntas,Catamarca
Los Castillos,Catamarca
Los Talas,Catamarca
Los Varela,Catamarca
Singuil,Catamarca
Ancasti,Catamarca
Anquincila,Catamarca
La Candelaria,Catamarca
La Majada,Catamarca
Amanao,Catamarca
Andalgalá,Catamarca
Chaquiago,Catamarca
Choya,Catamarca
El Alamito,Catamarca
El Lindero,Catamarca
El Potrero,Catamarca
Antofagasta de la Sierra,Catamarca
El Peñón,Catamarca
Los Nacimientos,Catamarca
Barranca Larga,Catamarca
Belén,Catamarca
Cóndor Huasi,Catamarca
Corral Quemado,Catamarca
El Durazno,Catamarca
Farallón Negro,Catamarca
Hualfín,Catamarca
Jacipunco,Catamarca
La Puntilla,Catamarca
Las Juntas,Catamarca
Londres,Catamarca
Los Nacimientos,Catamarca
Puerta de Corral Quemado,Catamarca
Puerta de San José,Catamarca
Villa Vil,Catamarca
Capayán,Catamarca
Chumbicha,Catamarca
Colonia del Valle,Catamarca
Colonia Nueva Coneta,Catamarca
Concepción,Catamarca
Coneta,Catamarca
El Bañado,Catamarca
Huillapima,Catamarca
Los Angeles,Catamarca
Miraflores,Catamarca
San Martín,Catamarca
San Pablo,Catamarca
San Pedro,Catamarca
San Fernando del Valle de Catamarca,Catamarca
El Alto,Catamarca
Guayamba,Catamarca
Infanzón,Catamarca
Los Corrales,Catamarca
Tapso,Catamarca
Vilismán,Catamarca
Pomancillo Este,Catamarca
Pomancillo Oeste,Catamarca
San José,Catamarca
Villa Las Pirquitas,Catamarca
Casa de Piedra,Catamarca
El Aybal,Catamarca
El Bañado,Catamarca
El Divisadero,Catamarca
El Quimilo,Catamarca
Esquiú,Catamarca
Icaño,Catamarca
La Dorada,Catamarca
La Guardia,Catamarca
Las Esquinas,Catamarca
Las Palmitas,Catamarca
Quirós,Catamarca
Ramblones,Catamarca
Recreo,Catamarca
San Antonio,Catamarca
Amadores,Catamarca
La Higuera,Catamarca
La Merced,Catamarca
La Viña,Catamarca
Las Lajas,Catamarca
Monte Potrero,Catamarca
Palo Labrado,Catamarca
San Antonio,Catamarca
Villa de Balcozna,Catamarca
Colana,Catamarca
Colpes,Catamarca
El Pajonal,Catamarca
Mutquin,Catamarca
Pomán,Catamarca
Rincón,Catamarca
San Miguel,Catamarca
Saujil,Catamarca
Siján,Catamarca
Andalhualá,Catamarca
Chañar Punco,Catamarca
El Cajón,Catamarca
El Desmonte,Catamarca
El Puesto,Catamarca
Famatanca,Catamarca
Fuerte Quemado,Catamarca
La Hoyada,Catamarca
Las Mojarras,Catamarca
Punta de Balasto,Catamarca
San José,Catamarca
Santa María,Catamarca
Yapes,Catamarca
Alijilán,Catamarca
Bañado de Ovanta,Catamarca
Las Cañas,Catamarca
Lavalle,Catamarca
Los Altos,Catamarca
Manantiales,Catamarca
San Pedro,Catamarca
Anillaco,Catamarca
Copacabana,Catamarca
El Puesto,Catamarca
El Salado,Catamarca
Fiambalá,Catamarca
Medanitos,Catamarca
Palo Blanco,Catamarca
Saujil,Catamarca
Tinogasta,Catamarca
El Portezuelo,Catamarca
Huaycama,Catamarca
Las Tejas,Catamarca
San Isidro,Catamarca
Santa Cruz,Catamarca
Concepción del Bermejo,Chaco
Los Frentones,Chaco
Pampa del Infierno,Chaco
Río Muerto,Chaco
Taco Pozo,Chaco
General Vedia,Chaco
Isla del Cerrito,Chaco
La Leonesa,Chaco
Las Palmas,Chaco
Puerto Bermejo Nuevo,Chaco
Puerto Bermejo Viejo,Chaco
Puerto Eva Perón,Chaco
Presidencia Roque Sáenz Peña,Chaco
Charata,Chaco
Gancedo,Chaco
General Capdevila,Chaco
General Pinedo,Chaco
Mesón de Fierro,Chaco
Pampa Landriel,Chaco
Hermoso Campo,Chaco
Itín,Chaco
Chorotis,Chaco
Santa Sylvina,Chaco
Venados Grandes,Chaco
Corzuela,Chaco
La Escondida,Chaco
La Verde,Chaco
Lapachito,Chaco
Makallé,Chaco
El Espinillo,Chaco
El Sauzal,Chaco
El Sauzalito,Chaco
Fortín Lavalle,Chaco
Fuerte Esperanza,Chaco
Juan José Castelli,Chaco
Miraflores,Chaco
Nueva Pompeya,Chaco
Villa Río Bermejito,Chaco
Wichi,Chaco
Zaparinqui,Chaco
Avia Terai,Chaco
Campo Largo,Chaco
Fortín Las Chuñas,Chaco
Napenay,Chaco
Colonia Popular,Chaco
Estación General Obligado,Chaco
Laguna Blanca,Chaco
Puerto Tirol,Chaco
Ciervo Petiso,Chaco
General José de San Martín,Chaco
La Eduvigis,Chaco
Laguna Limpia,Chaco
Pampa Almirón,Chaco
Pampa del Indio,Chaco
Presidencia Roca,Chaco
Selvas del Río de Oro,Chaco
Tres Isletas,Chaco
Coronel Du Graty,Chaco
Enrique Urien,Chaco
Villa Angela,Chaco
Las Breñas,Chaco
La Clotilde,Chaco
La Tigra,Chaco
San Bernardo,Chaco
Presidencia de la Plaza,Chaco
Barrio de los Pescadores,Chaco
Colonia Benítez,Chaco
Margarita Belén,Chaco
Quitilipi,Chaco
Villa El Palmar,Chaco
Barranqueras,Chaco
Basail,Chaco
Colonia Baranda,Chaco
Fontana,Chaco
Puerto Vilelas,Chaco
Resistencia,Chaco
Samuhú,Chaco
Villa Berthet,Chaco
Capitán Solari,Chaco
Colonia Elisa,Chaco
Colonias Unidas,Chaco
Ingeniero Barbet,Chaco
Las Garcitas,Chaco
Charadai,Chaco
Cote Lai,Chaco
Haumonia,Chaco
Horquilla,Chaco
La Sabana,Chaco
Colonia Aborigen,Chaco
Machagai,Chaco
Napalpí,Chaco
Kilómetro 3 - General Mosconi,Chubut
Acceso Norte,Chubut
Barrio Caleta Córdova,Chubut
Caleta Olivares,Chubut
Barrio Castelli,Chubut
Barrio Ciudadela,Chubut
Barrio Gasoducto,Chubut
Barrio Güemes,Chubut
Barrio Laprida,Chubut
Barrio Manantial Rosales,Chubut
Barrio Militar y Aeropuerto,Chubut
Barrio Próspero Palazzo,Chubut
Barrio Restinga Alí,Chubut
Barrio Rodríguez Peña,Chubut
Barrio Saavedra,Chubut
Barrio Sarmiento,Chubut
Barrio 25 de Mayo,Chubut
Barrio Villa S.U.P.E.,Chubut
Comodoro Rivadavia,Chubut
Kilómetro 5 - Presidente Ortíz,Chubut
Kilómetro 8 - Don Bosco,Chubut
Kilómetro 11 - Cuarteles,Chubut
Arroyo Verde,Chubut
Puerto Madryn,Chubut
Puerto Pirámides,Chubut
Quintas El Mirador,Chubut
Reserva Area Protegida El Doradillo,Chubut
Buenos Aires Chico,Chubut
Cholila,Chubut
Costa del Chubut,Chubut
Cushamen Centro,Chubut
El Hoyo,Chubut
El Maitén,Chubut
Epuyén,Chubut
Fofo Cahuel,Chubut
Gualjaina,Chubut
Lago Epuyén,Chubut
Lago Puelo,Chubut
Leleque,Chubut
Astra,Chubut
Bahía Bustamante,Chubut
Comodoro Rivadavia,Chubut
Diadema Argentina,Chubut
Rada Tilly,Chubut
Camarones,Chubut
Garayalde,Chubut
Aldea Escolar (Los Rápidos),Chubut
Corcovado,Chubut
Esquel,Chubut
Lago Rosario,Chubut
Los Cipreses,Chubut
Trevelín,Chubut
Villa Futalaufquen,Chubut
Dique Florentino Ameghino,Chubut
Dolavon,Chubut
Gaiman,Chubut
28 de Julio,Chubut
Blancuntre,Chubut
El Escorial,Chubut
Gastre,Chubut
Lagunita Salada,Chubut
Yala Laubat,Chubut
Aldea Epulef,Chubut
Carrenleufú,Chubut
Colan Conhué,Chubut
Paso del Sapo,Chubut
Tecka,Chubut
El Mirasol,Chubut
Las Plumas,Chubut
Cerro Cóndor,Chubut
Los Altares,Chubut
Paso de Indios,Chubut
Playa Magagna,Chubut
Playa Unión,Chubut
Rawson,Chubut
Trelew,Chubut
Aldea Apeleg,Chubut
Aldea Beleiro,Chubut
Alto Río Senguer,Chubut
Doctor Ricardo Rojas,Chubut
Facundo,Chubut
Lago Blanco,Chubut
Río Mayo,Chubut
Buen Pasto,Chubut
Sarmiento,Chubut
Doctor Oscar Atilio Viglione (Frontera de Río Pico),Chubut
Gobernador Costa,Chubut
José de San Martín,Chubut
Río Pico,Chubut
Gan Gan,Chubut
Telsen,Chubut
La Floresta,Córdoba
Las Quintas,Córdoba
Los Molinos,Córdoba
Villa San Miguel,Córdoba
Santa Mónica,Córdoba
Santa Rosa de Calamuchita,Córdoba
San Ignacio (Loteo Vélez Crespo),Córdoba
Villa Ciudad Parque Los Reartes,Córdoba
Va.Ciudad Pque.Los Reartes (1° Sección),Córdoba
Va.Ciudad Pque.Los Reartes (3° Sección),Córdoba
Jardín Arenales,Córdoba
Córdoba,Córdoba
Dumesnil,Córdoba
La Calera,Córdoba
El Diquecito,Córdoba
El Pueblito,Córdoba
Salsipuedes,Córdoba
Guiñazú Norte,Córdoba
Parque Norte,Córdoba
1° de Agosto,Córdoba
Allmirante Brown,Córdoba
Ciudad de los Niños,Córdoba
Villa Pastora,Córdoba
Juárez Celman,Córdoba
Villa Los Llanos,Córdoba
Bialet Massé,Córdoba
San Roque del Lago,Córdoba
Alto Resbaloso - El Barrial,Córdoba
El Pueblito,Córdoba
El Valle,Córdoba
Las Chacras,Córdoba
Villa de las Rosas,Córdoba
Barrio Gilbert,Córdoba
Tejas Tres,Córdoba
Los Cedros,Córdoba
Barrio Villa del Parque,Córdoba
Villa Ciudad de América,Córdoba
Villa del Prado,Córdoba
La Donosa,Córdoba
Mi Valle,Córdoba
Villa Parque Santa Ana,Córdoba
Olaeta,Córdoba
Amboy,Córdoba
Arroyo San Antonio,Córdoba
Cañada del Sauce,Córdoba
El Corcovado - El Torreón,Córdoba
El Durazno,Córdoba
Embalse,Córdoba
La Cruz,Córdoba
La Cumbrecita,Córdoba
Las Bajadas,Córdoba
Las Caleras,Córdoba
Los Cóndores,Córdoba
Los Molinos,Córdoba
Los Reartes,Córdoba
Lutti,Córdoba
Parque Calmayo,Córdoba
Río de los Sauces,Córdoba
San Agustín,Córdoba
San Ignacio (Loteo San Javier),Córdoba
Santa Rosa de Calamuchita,Córdoba
Segunda Usina,Córdoba
Solar de los Molinos,Córdoba
Villa Alpina,Córdoba
Villa Amancay,Córdoba
Villa Berna,Córdoba
Villa Ciudad Parque Los Reartes,Córdoba
Villa del Dique,Córdoba
Villa El Tala,Córdoba
Villa General Belgrano,Córdoba
Villa La Rivera,Córdoba
Villa Quillinzo,Córdoba
Villa Rumipal,Córdoba
Villa Yacanto,Córdoba
Córdoba,Córdoba
Agua de Oro,Córdoba
Ascochinga,Córdoba
Colonia Caroya,Córdoba
Colonia Tirolesa,Córdoba
Colonia Vicente Agüero,Córdoba
Villa Corazón de María,Córdoba
El Manzano,Córdoba
General Paz,Córdoba
Jesús María,Córdoba
La Calera,Córdoba
La Granja,Córdoba
La Puerta,Córdoba
Malvinas Argentinas,Córdoba
Mendiolaza,Córdoba
Mi Granja,Córdoba
Río Ceballos,Córdoba
Saldán,Córdoba
Salsipuedes,Córdoba
Tinoco,Córdoba
Unquillo,Córdoba
Villa Allende,Córdoba
Villa Cerro Azul,Córdoba
Parque Norte - Ciudad de los Niños - Guiñazú Norte,Córdoba
Villa Los Llanos - Juárez Celman,Córdoba
Alto de los Quebrachos,Córdoba
Bañado de Soto,Córdoba
Cruz de Caña,Córdoba
Cruz del Eje,Córdoba
El Brete,Córdoba
Guanaco Muerto,Córdoba
La Batea,Córdoba
La Higuera,Córdoba
Las Cañadas,Córdoba
Las Playas,Córdoba
Los Chañaritos,Córdoba
Media Naranja,Córdoba
Paso Viejo,Córdoba
San Marcos Sierra,Córdoba
Serrezuela,Córdoba
Tuclame,Córdoba
Villa de Soto,Córdoba
Del Campillo,Córdoba
Estación Lecueder,Córdoba
Hipólito Bouchard,Córdoba
Huinca Renancó,Córdoba
Italó,Córdoba
Mattaldi,Córdoba
Nicolás Bruzzone,Córdoba
Onagoity,Córdoba
Pincén,Córdoba
Ranqueles,Córdoba
Santa Magdalena,Córdoba
Villa Huidobro,Córdoba
Villa Sarmiento,Córdoba
Villa Valeria,Córdoba
Arroyo Algodón,Córdoba
Arroyo Cabral,Córdoba
Ausonia,Córdoba
Chazón,Córdoba
Etruria,Córdoba
La Laguna,Córdoba
La Palestina,Córdoba
La Playosa,Córdoba
Las Mojarras,Córdoba
Luca,Córdoba
Pasco,Córdoba
Sanabria,Córdoba
Silvio Pellico,Córdoba
Ticino,Córdoba
Tío Pujio,Córdoba
Villa María,Córdoba
Villa Nueva,Córdoba
Villa Oeste,Córdoba
Avellaneda,Córdoba
Cañada de Río Pinto,Córdoba
Chuña,Córdoba
Copacabana,Córdoba
Deán Funes,Córdoba
Los Pozos,Córdoba
Olivares de San Nicolás,Córdoba
Quilino,Córdoba
San Pedro de Toyos,Córdoba
Villa Gutiérrez,Córdoba
Alejandro Roca,Córdoba
Assunta,Córdoba
Bengolea,Córdoba
Carnerillo,Córdoba
Charras,Córdoba
El Rastreador,Córdoba
General Cabrera,Córdoba
General Deheza,Córdoba
Huanchillas,Córdoba
La Carlota,Córdoba
Los Cisnes,Córdoba
Pacheco de Melo,Córdoba
Paso del Durazno,Córdoba
Santa Eufemia,Córdoba
Ucacha,Córdoba
Villa Reducción,Córdoba
Alejo Ledesma,Córdoba
Arias,Córdoba
Camilo Aldao,Córdoba
Capitán General Bernardo O'Higgins,Córdoba
Cavanagh,Córdoba
Colonia Barge,Córdoba
Colonia Italiana,Córdoba
Colonia Veinticinco,Córdoba
Corral de Bustos,Córdoba
Cruz Alta,Córdoba
Tosno,Córdoba
General Baldissera,Córdoba
General Roca,Córdoba
Guatimozín,Córdoba
Inriville,Córdoba
Isla Verde,Córdoba
Leones,Córdoba
Los Surgentes,Córdoba
Marcos Juárez,Córdoba
Monte Buey,Córdoba
Saira,Córdoba
Saladillo,Córdoba
Villa Elisa,Córdoba
La Playa,Córdoba
Ciénaga del Coro,Córdoba
El Chacho,Córdoba
Estancia de Guadalupe,Córdoba
Guasapampa,Córdoba
San Carlos Minas,Córdoba
Talaini,Córdoba
Chancani,Córdoba
Las Palmas,Córdoba
Los Talares,Córdoba
Salsacate,Córdoba
San Gerónimo,Córdoba
Tala Cañada,Córdoba
Villa de Pocho,Córdoba
General Levalle,Córdoba
La Cesira,Córdoba
Laboulaye,Córdoba
Leguizamón,Córdoba
Melo,Córdoba
Río Bamba,Córdoba
Rosales,Córdoba
San Joaquín,Córdoba
Serrano,Córdoba
Villa Rossi,Córdoba
Bialet Massé,Córdoba
Cabalango,Córdoba
Capilla del Monte,Córdoba
Casa Grande,Córdoba
Charbonier,Córdoba
Cosquín,Córdoba
Cuesta Blanca,Córdoba
Estancia Vieja,Córdoba
Huerta Grande,Córdoba
La Cumbre,Córdoba
La Falda,Córdoba
Las Jarillas,Córdoba
Los Cocos,Córdoba
Mallín,Córdoba
Mayu Sumaj,Córdoba
San Antonio de Arredondo,Córdoba
San Esteban,Córdoba
San Roque,Córdoba
Santa María de Punilla,Córdoba
Tala Huasi,Córdoba
Tanti,Córdoba
Valle Hermoso,Córdoba
Villa Carlos Paz,Córdoba
Villa Flor Serrana,Córdoba
Villa Giardino,Córdoba
Villa Lago Azul,Córdoba
Villa Parque Siquimán,Córdoba
Villa Río Icho Cruz,Córdoba
Villa Santa Cruz del Lago,Córdoba
Achiras,Córdoba
Adelia María,Córdoba
Alcira Gigena,Córdoba
Alpa Corral,Córdoba
Berrotarán,Córdoba
Bulnes,Córdoba
Chaján,Córdoba
Chucul,Córdoba
Coronel Baigorria,Córdoba
Coronel Moldes,Córdoba
Elena,Córdoba
La Carolina,Córdoba
La Cautiva,Córdoba
La Gilda,Córdoba
Las Acequias,Córdoba
Las Albahacas,Córdoba
Las Higueras,Córdoba
Las Peñas,Córdoba
Las Vertientes,Córdoba
Malena,Córdoba
Monte de los Gauchos,Córdoba
Río Cuarto,Córdoba
Sampacho,Córdoba
San Basilio,Córdoba
Santa Catalina Holmberg,Córdoba
Suco,Córdoba
Tosquitas,Córdoba
Vicuña Mackenna,Córdoba
Villa El Chacay,Córdoba
Washington,Córdoba
Atahona,Córdoba
Cañada de Machado,Córdoba
Capilla de los Remedios,Córdoba
Chalacea,Córdoba
Colonia Las Cuatro Esquinas,Córdoba
Diego de Rojas,Córdoba
El Alcalde,Córdoba
El Crispín,Córdoba
Esquina,Córdoba
Kilómetro 658,Córdoba
La Para,Córdoba
La Posta,Córdoba
La Puerta,Córdoba
La Quinta,Córdoba
Las Gramillas,Córdoba
Las Saladas,Córdoba
Maquinista Gallini,Córdoba
Monte del Rosario,Córdoba
Montecristo,Córdoba
Obispo Trejo,Córdoba
Piquillín,Córdoba
Plaza de Mercedes,Córdoba
Pueblo Comechingones,Córdoba
Río Primero,Córdoba
Sagrada Familia,Córdoba
Santa Rosa de Río Primero,Córdoba
Villa Fontana,Córdoba
Santa Elena,Córdoba
Cerro Colorado,Córdoba
Chañar Viejo,Córdoba
Eufrasio Loza,Córdoba
Gutemberg,Córdoba
La Rinconada,Córdoba
Los Hoyos,Córdoba
Puesto de Castro,Córdoba
Rayo Cortado,Córdoba
San Pedro de Gütemberg,Córdoba
Sebastián Elcano,Córdoba
Villa Candelaria,Córdoba
Villa de María,Córdoba
Calchín,Córdoba
Calchín Oeste,Córdoba
Capilla del Carmen,Córdoba
Carrilobo,Córdoba
Colazo,Córdoba
Colonia Videla,Córdoba
Costasacate,Córdoba
Impira,Córdoba
Laguna Larga,Córdoba
Las Junturas,Córdoba
Los Chañaritos,Córdoba
Luque,Córdoba
Manfredi,Córdoba
Matorrales,Córdoba
Oncativo,Córdoba
Pilar,Córdoba
Pozo del Molle,Córdoba
Rincón,Córdoba
Río Segundo,Córdoba
Santiago Temple,Córdoba
Villa del Rosario,Córdoba
Nono,Córdoba
Ambul,Córdoba
Arroyo Los Patos,Córdoba
Las Calles,Córdoba
Las Rabonas,Córdoba
Mina Clavero,Córdoba
Mussi,Córdoba
Panaholma,Córdoba
San Lorenzo,Córdoba
San Martín,Córdoba
San Pedro,Córdoba
San Vicente,Córdoba
Sauce Arriba,Córdoba
Villa Cura Brochero,Córdoba
Villa Sarmiento,Córdoba
Conlara,Córdoba
La Paz,Córdoba
La Población,Córdoba
La Travesía,Córdoba
Las Tapias,Córdoba
Los Cerrillos,Córdoba
Los Hornillos,Córdoba
Luyaba,Córdoba
San Javier y Yacanto,Córdoba
San José,Córdoba
Villa de las Rosas,Córdoba
Villa Dolores,Córdoba
Villa La Viña,Córdoba
Alicia,Córdoba
Altos de Chipión,Córdoba
Arroyito,Córdoba
Balnearia,Córdoba
Brinkmann,Córdoba
Colonia Anita,Córdoba
Colonia 10 de Julio,Córdoba
Colonia Las Pichanas,Córdoba
Colonia Marina,Córdoba
Colonia Prosperidad,Córdoba
Colonia San Bartolomé,Córdoba
Colonia San Pedro,Córdoba
Colonia Santa María,Córdoba
Colonia Valtelina,Córdoba
Colonia Vignaud,Córdoba
Devoto,Córdoba
El Arañado,Córdoba
El Fortín,Córdoba
El Fuertecito,Córdoba
El Tío,Córdoba
Estación Luxardo,Córdoba
Colonia Iturraspe,Córdoba
Freyre,Córdoba
La Francia,Córdoba
La Paquita,Córdoba
La Tordilla,Córdoba
Las Varas,Córdoba
Las Varillas,Córdoba
Marull,Córdoba
Miramar,Córdoba
Morteros,Córdoba
Plaza Luxardo,Córdoba
Malagueño,Córdoba
Plaza San Francisco,Córdoba
Porteña,Córdoba
Quebracho Herrado,Córdoba
Sacanta,Córdoba
San Francisco,Córdoba
Saturnino María Laspiur,Córdoba
Seeber,Córdoba
Toro Pujio,Córdoba
Tránsito,Córdoba
Villa Concepción del Tío,Córdoba
Villa del Tránsito,Córdoba
Villa San Esteban,Córdoba
Alta Gracia,Córdoba
Anisacate,Córdoba
Barrio Gilbert (1º de Mayo) - Tejas Tres,Córdoba
Bouwer,Córdoba
Caseros Centro,Córdoba
Despeñaderos,Córdoba
Dique Chico,Córdoba
Falda del Cañete,Córdoba
Falda del Carmen,Córdoba
José de la Quintana,Córdoba
La Boca del Río,Córdoba
La Paisanita,Córdoba
La Rancherita y Las Cascadas,Córdoba
La Serranita,Córdoba
Los Cedros,Córdoba
Lozada,Córdoba
Monte Ralo,Córdoba
Potrero de Garay,Córdoba
Rafael García,Córdoba
San Clemente,Córdoba
Socavones,Córdoba
Toledo,Córdoba
Valle de Anisacate,Córdoba
Villa Ciudad de América,Córdoba
Villa del Prado,Córdoba
Villa La Bolsa,Córdoba
Villa Los Aromos,Córdoba
Villa Parque Santa Ana,Córdoba
Villa San Isidro,Córdoba
Caminiaga,Córdoba
Chuña Huasi,Córdoba
Pozo Nuevo,Córdoba
San Francisco del Chañar,Córdoba
Almafuerte,Córdoba
Colonia Almada,Córdoba
Corralito,Córdoba
Dalmacio Vélez,Córdoba
General Fotheringham,Córdoba
Hernando,Córdoba
James Craik,Córdoba
Las Isletillas,Córdoba
Las Perdices,Córdoba
Los Zorros,Córdoba
Oliva,Córdoba
Pampayasta Norte,Córdoba
Pampayasta Sud,Córdoba
Punta del Agua,Córdoba
Río Tercero,Córdoba
Tancacha,Córdoba
Villa Ascasubi,Córdoba
Candelaria Sur,Córdoba
Cañada de Luque,Córdoba
Capilla de Sitón,Córdoba
La Pampa,Córdoba
Las Peñas,Córdoba
Los Mistoles,Córdoba
Santa Catalina,Córdoba
Sarmiento,Córdoba
Simbolar,Córdoba
Sinsacate,Córdoba
Villa del Totoral,Córdoba
Churqui Cañada,Córdoba
El Rodeo,Córdoba
El Tuscal,Córdoba
Las Arrias,Córdoba
Lucio V. Mansilla,Córdoba
Rosario del Saladillo,Córdoba
San José de la Dormida,Córdoba
San José de las Salinas,Córdoba
San Pedro Norte,Córdoba
Villa Tulumba,Córdoba
Aldea Santa María,Córdoba
Alto Alegre,Córdoba
Ana Zumarán,Córdoba
Ballesteros,Córdoba
Ballesteros Sud,Córdoba
Bell Ville,Córdoba
Benjamín Gould,Córdoba
Canals,Córdoba
Chilibroste,Córdoba
Cintra,Córdoba
Colonia Bismarck,Córdoba
Colonia Bremen,Córdoba
Idiazabal,Córdoba
Justiniano Posse,Córdoba
Laborde,Córdoba
Monte Leña,Córdoba
Monte Maíz,Córdoba
Morrison,Córdoba
Noetinger,Córdoba
Ordoñez,Córdoba
Pascanas,Córdoba
Pueblo Italiano,Córdoba
Ramón J. Cárcano,Córdoba
San Antonio de Litín,Córdoba
San Marcos,Córdoba
San Severo,Córdoba
Viamonte,Córdoba
Villa Los Patos,Córdoba
Wenceslao Escalante,Córdoba
Tabay,Corrientes
Bella Vista,Corrientes
Berón de Astrada,Corrientes
Yahapé,Corrientes
Corrientes,Corrientes
Riachuelo,Corrientes
San Cayetano,Corrientes
Concepción,Corrientes
Santa Rosa,Corrientes
Tatacua,Corrientes
Cazadores Correntinos,Corrientes
Curuzú Cuatiá,Corrientes
Perugorría,Corrientes
El Sombrero,Corrientes
Empedrado,Corrientes
Esquina,Corrientes
Pueblo Libertador,Corrientes
Alvear,Corrientes
Estación Torrent,Corrientes
Itá Ibaté,Corrientes
Lomas de Vallejos,Corrientes
Nuestra Señora del Rosario de Caá Catí,Corrientes
Palmar Grande,Corrientes
Carolina,Corrientes
Goya,Corrientes
Itatí,Corrientes
Ramada Paso,Corrientes
Colonia Liebig's,Corrientes
Ituzaingó,Corrientes
San Antonio,Corrientes
San Carlos,Corrientes
Villa Olivari,Corrientes
Cruz de los Milagros,Corrientes
Gobernador Juan E. Martínez,Corrientes
Lavalle,Corrientes
Santa Lucía,Corrientes
Villa Córdoba,Corrientes
Yatayti Calle,Corrientes
Mburucuyá,Corrientes
Felipe Yofré,Corrientes
Mariano I. Loza,Corrientes
Mercedes,Corrientes
Colonia Libertad,Corrientes
Estación Libertad,Corrientes
Juan Pujol,Corrientes
Mocoretá,Corrientes
Monte Caseros,Corrientes
Parada Acuña,Corrientes
Parada Labougle,Corrientes
Bonpland,Corrientes
Parada Pucheta,Corrientes
Paso de los Libres,Corrientes
Tapebicuá,Corrientes
Saladas,Corrientes
San Lorenzo,Corrientes
Ingenio Primer Correntino,Corrientes
Paso de la Patria,Corrientes
San Cosme,Corrientes
Santa Ana,Corrientes
San Luis del Palmar,Corrientes
Colonia Carlos Pellegrini,Corrientes
Guaviraví,Corrientes
La Cruz,Corrientes
Yapeyú,Corrientes
Loreto,Corrientes
San Miguel,Corrientes
Chavarría,Corrientes
Colonia Pando,Corrientes
9 de Julio,Corrientes
Pedro R. Fernández,Corrientes
San Roque,Corrientes
José Rafael Gómez,Corrientes
Garruchos,Corrientes
Gobernador Igr. Valentín Virasoro,Corrientes
Santo Tomé,Corrientes
Sauce,Corrientes
El Brillante,Entre Ríos
El Colorado,Entre Ríos
San José,Entre Ríos
Benito Legerén,Entre Ríos
Villa Adela,Entre Ríos
Las Tejas,Entre Ríos
Concordia,Entre Ríos
Villa Zorraquín,Entre Ríos
Diamante,Entre Ríos
Strobel,Entre Ríos
Estación Puiggari,Entre Ríos
Villa Libertador San Martín,Entre Ríos
Cerrito,Entre Ríos
Pueblo Moreno,Entre Ríos
Arroyo Barú,Entre Ríos
Colón,Entre Ríos
Colonia Hugues,Entre Ríos
Hambis,Entre Ríos
Hocker,Entre Ríos
La Clarita,Entre Ríos
Pueblo Cazes,Entre Ríos
Pueblo Liebig's,Entre Ríos
San José,Entre Ríos
Ubajay,Entre Ríos
Villa Elisa,Entre Ríos
Calabacilla,Entre Ríos
Clodomiro Ledesma,Entre Ríos
Colonia Ayuí,Entre Ríos
Colonia General Roca,Entre Ríos
Concordia,Entre Ríos
Estación Yeruá,Entre Ríos
Estación Yuquerí,Entre Ríos
Estancia Grande,Entre Ríos
La Criolla,Entre Ríos
Los Charrúas,Entre Ríos
Nueva Escocia,Entre Ríos
Osvaldo Magnasco,Entre Ríos
Pedernal,Entre Ríos
Puerto Yeruá,Entre Ríos
Aldea Brasilera,Entre Ríos
Aldea Grapschental,Entre Ríos
Aldea Protestante,Entre Ríos
Aldea Salto,Entre Ríos
Aldea San Francisco,Entre Ríos
Aldea Spatzenkutter,Entre Ríos
Aldea Valle María,Entre Ríos
Colonia Ensayo,Entre Ríos
Diamante,Entre Ríos
Estación Camps,Entre Ríos
General Alvear,Entre Ríos
General Racedo (El Carmen),Entre Ríos
General Ramírez,Entre Ríos
La Juanita,Entre Ríos
Las Jaulas,Entre Ríos
Paraje La Virgen,Entre Ríos
Puerto Las Cuevas,Entre Ríos
Villa Libertador San Martín,Entre Ríos
Chajarí,Entre Ríos
Colonia Alemana,Entre Ríos
Colonia La Argentina,Entre Ríos
Federación,Entre Ríos
Los Conquistadores,Entre Ríos
San Jaime de la Frontera,Entre Ríos
San Pedro,Entre Ríos
San Ramón,Entre Ríos
Santa Ana,Entre Ríos
Villa del Rosario,Entre Ríos
Conscripto Bernardi,Entre Ríos
Aldea San Isidro (El Cimarrón),Entre Ríos
Federal,Entre Ríos
Nueva Vizcaya,Entre Ríos
Sauce de Luna,Entre Ríos
San José de Feliciano,Entre Ríos
San Víctor,Entre Ríos
Médanos,Entre Ríos
Aldea Asunción,Entre Ríos
Estación Lazo,Entre Ríos
General Galarza,Entre Ríos
Gualeguay,Entre Ríos
Puerto Ruiz,Entre Ríos
Aldea San Antonio,Entre Ríos
Aldea San Juan,Entre Ríos
Enrique Carbó,Entre Ríos
Estación Escriña,Entre Ríos
Faustino M. Parera,Entre Ríos
General Almada,Entre Ríos
Gilbert,Entre Ríos
Gualeguaychú,Entre Ríos
Irazusta,Entre Ríos
Larroque,Entre Ríos
Pastor Britos,Entre Ríos
Pueblo General Belgrano,Entre Ríos
Urdinarrain,Entre Ríos
Ceibas,Entre Ríos
Ibicuy,Entre Ríos
Villa Paranacito,Entre Ríos
Alcaraz,Entre Ríos
Bovril,Entre Ríos
Colonia Avigdor,Entre Ríos
El Solar,Entre Ríos
La Paz,Entre Ríos
Piedras Blancas,Entre Ríos
San Gustavo,Entre Ríos
Santa Elena,Entre Ríos
Sir Leonard,Entre Ríos
Aranguren,Entre Ríos
Betbeder,Entre Ríos
Don Cristóbal,Entre Ríos
Febré,Entre Ríos
Hernández,Entre Ríos
Lucas González,Entre Ríos
Nogoyá,Entre Ríos
XX de Setiembre,Entre Ríos
Aldea María Luisa,Entre Ríos
Aldea San Juan,Entre Ríos
Aldea San Rafael,Entre Ríos
Aldea Santa María,Entre Ríos
Aldea Santa Rosa,Entre Ríos
Cerrito,Entre Ríos
Colonia Avellaneda,Entre Ríos
Colonia Crespo,Entre Ríos
Crespo,Entre Ríos
El Palenque,Entre Ríos
El Pingo,Entre Ríos
El Ramblón,Entre Ríos
Hasenkamp,Entre Ríos
Hernandarias,Entre Ríos
La Picada,Entre Ríos
Las Tunas,Entre Ríos
María Grande,Entre Ríos
Oro Verde,Entre Ríos
Paraná,Entre Ríos
Pueblo Bellocq (Las Garzas),Entre Ríos
Pueblo Brugo,Entre Ríos
Pueblo General San Martín,Entre Ríos
San Benito,Entre Ríos
Sauce Montrull,Entre Ríos
Sauce Pinto,Entre Ríos
Seguí,Entre Ríos
Sosa,Entre Ríos
Tabossi,Entre Ríos
Tezanos Pinto,Entre Ríos
Viale,Entre Ríos
Villa Fontana,Entre Ríos
Villa Gdor. Luis F. Etchevehere,Entre Ríos
Villa Urquiza,Entre Ríos
General Campos,Entre Ríos
San Salvador,Entre Ríos
Altamirano Sur,Entre Ríos
Durazno,Entre Ríos
Estación Arroyo Clé,Entre Ríos
Gobernador Echagüe,Entre Ríos
Gobernador Mansilla,Entre Ríos
Gobernador Solá,Entre Ríos
Guardamonte,Entre Ríos
Las Guachas,Entre Ríos
Maciá,Entre Ríos
Rosario del Tala,Entre Ríos
Basavilbaso,Entre Ríos
Caseros,Entre Ríos
Colonia Elía,Entre Ríos
Concepción del Uruguay,Entre Ríos
Herrera,Entre Ríos
Las Moscas,Entre Ríos
Líbaros,Entre Ríos
1º de Mayo,Entre Ríos
Pronunciamiento,Entre Ríos
Rocamora,Entre Ríos
Santa Anita,Entre Ríos
Villa Mantero,Entre Ríos
Villa San Justo,Entre Ríos
Villa San Marcial (Est. Gobernador Urquiza),Entre Ríos
Antelo,Entre Ríos
Molino Doll,Entre Ríos
Victoria,Entre Ríos
Estación Raíces,Entre Ríos
Ingeniero Miguel Sajaroff,Entre Ríos
Jubileo,Entre Ríos
Paso de la Laguna,Entre Ríos
Villa Clara,Entre Ríos
Villa Domínguez,Entre Ríos
Villaguay,Entre Ríos
Bartolomé de las Casas,Formosa
Comunidad Aborigen Bartolomé de las Casas,Formosa
Fortín Soledad,Formosa
Guadalcazar,Formosa
La Rinconada,Formosa
Laguna Yema,Formosa
Lamadrid,Formosa
Los Chiriguanos,Formosa
Pozo de Maza,Formosa
Pozo del Mortero,Formosa
Vaca Perdida,Formosa
Colonia Pastoril,Formosa
Formosa,Formosa
Gran Guardia,Formosa
Mariano Boedo,Formosa
Mojón de Fierro,Formosa
San Hilario,Formosa
Banco Payaguá,Formosa
General Lucio V. Mansilla,Formosa
Herradura,Formosa
San Francisco de Laishi,Formosa
Tatané,Formosa
Villa Escolar,Formosa
Ingeniero Guillermo N. Juárez,Formosa
Bartolomé de las Casas,Formosa
Colonia Sarmiento,Formosa
Comandante Fontana,Formosa
El Recreo,Formosa
Estanislao del Campo,Formosa
Fortín Cabo 1º Lugones,Formosa
Fortín Sargento 1º Leyes,Formosa
Ibarreta,Formosa
Juan G. Bazán,Formosa
Pirané,Formosa
Las Lomitas,Formosa
Posta Cambio Zalazar,Formosa
Pozo del Tigre,Formosa
San Martín I,Formosa
San Martín II,Formosa
Subteniente Perín,Formosa
Villa General Güemes,Formosa
Villa General Manuel Belgrano,Formosa
Buena Vista,Formosa
El Espinillo,Formosa
Laguna Gallo,Formosa
Misión Tacaaglé,Formosa
Portón Negro,Formosa
Tres Lagunas,Formosa
Clorinda,Formosa
Laguna Blanca,Formosa
Laguna Naick-Neck,Formosa
Palma Sola,Formosa
Puerto Pilcomayo,Formosa
Riacho He-He,Formosa
Riacho Negro,Formosa
Siete Palmas,Formosa
Colonia Campo Villafañe,Formosa
El Colorado,Formosa
Palo Santo,Formosa
Villa Kilómetro 213,Formosa
El Potrillo,Formosa
General Mosconi,Formosa
El Quebracho,Formosa
Aguas Calientes,Jujuy
Fleming,Jujuy
Pila Pardo,Jujuy
Los Nogales,Jujuy
San Pablo de Reyes,Jujuy
Yala,Jujuy
Libertador General San Martín,Jujuy
Pueblo Ledesma,Jujuy
Palpalá,Jujuy
Río Blanco,Jujuy
Colonia San José,Jujuy
Yacoraite,Jujuy
San José,Jujuy
Yavi,Jujuy
Abra Pampa,Jujuy
Abralaite,Jujuy
Agua de Castilla,Jujuy
Casabindo,Jujuy
Cochinoca,Jujuy
La Redonda,Jujuy
Puesto del Marquéz,Jujuy
Quebraleña,Jujuy
Quera,Jujuy
Rinconadillas,Jujuy
San Francisco de Alfarcito,Jujuy
Santa Ana de la Puna,Jujuy
Santuario de Tres Pozos,Jujuy
Tambillos,Jujuy
Tusaquillas,Jujuy
Aguas Calientes,Jujuy
Barrio El Milagro,Jujuy
Barrio La Unión,Jujuy
El Carmen,Jujuy
Los Lapachos,Jujuy
Manantiales,Jujuy
Monterrico,Jujuy
Pampa Blanca,Jujuy
Perico,Jujuy
Puesto Viejo,Jujuy
San Isidro,Jujuy
San Juancito,Jujuy
Guerrero,Jujuy
La Almona,Jujuy
León,Jujuy
Lozano,Jujuy
Ocloyas,Jujuy
San Salvador de Jujuy,Jujuy
Tesorero,Jujuy
Yala,Jujuy
Uquía,Jujuy
Palca de Aparzo,Jujuy
Aparzo,Jujuy
Cianzo,Jujuy
Coctaca,Jujuy
El Aguilar,Jujuy
Hipólito Yrigoyen,Jujuy
Humahuaca,Jujuy
Palca de Varas,Jujuy
Rodero,Jujuy
Tres Cruces,Jujuy
Paulina,Jujuy
Calilegua,Jujuy
Bananal,Jujuy
Bermejito,Jujuy
Caimancito,Jujuy
Chalicán,Jujuy
Fraile Pintado,Jujuy
Libertad,Jujuy
Libertador General San Martín,Jujuy
Maíz Negro,Jujuy
Yuto,Jujuy
Carahunco,Jujuy
Centro Forestal,Jujuy
Palpalá,Jujuy
Lagunillas de Farallón,Jujuy
Casa Colorada,Jujuy
Coyaguaima,Jujuy
Liviara,Jujuy
Loma Blanca,Jujuy
Nuevo Pirquitas,Jujuy
Orosmayo,Jujuy
Rinconada,Jujuy
San Antonio,Jujuy
El Ceibal,Jujuy
Los Alisos,Jujuy
Loteo Navea,Jujuy
Nuestra Señora del Rosario,Jujuy
La Manga,Jujuy
El Acheral,Jujuy
Arrayanal,Jujuy
Arroyo Colorado,Jujuy
Don Emilio,Jujuy
El Puesto,Jujuy
El Quemado,Jujuy
La Esperanza,Jujuy
La Mendieta,Jujuy
Palos Blancos,Jujuy
Piedritas,Jujuy
Rodeito,Jujuy
Rosario de Río Grande (ex Barro Negro),Jujuy
San Antonio,Jujuy
San Lucas,Jujuy
San Pedro,Jujuy
El Fuerte,Jujuy
El Piquete,Jujuy
El Talar,Jujuy
Palma Sola,Jujuy
Puente Lavayén,Jujuy
Santa Clara,Jujuy
Vinalito,Jujuy
Cieneguillas,Jujuy
Misarrumi,Jujuy
Casira,Jujuy
Ciénega de Paicone,Jujuy
Cusi Cusi,Jujuy
El Angosto,Jujuy
La Ciénega,Jujuy
Oratorio,Jujuy
Paicone,Jujuy
San Juan de Oros,Jujuy
Santa Catalina,Jujuy
Yoscaba,Jujuy
Olaroz Chico,Jujuy
Susques,Jujuy
Huáncar,Jujuy
Catua,Jujuy
Coranzuli,Jujuy
El Toro,Jujuy
Jama,Jujuy
Mina Providencia,Jujuy
Olacapato,Jujuy
Pastos Chicos,Jujuy
Puesto Sey,Jujuy
San Juan de Quillaqués,Jujuy
Colonia San José,Jujuy
Juella,Jujuy
Huacalera,Jujuy
Maimará,Jujuy
Tilcara,Jujuy
Bárcena,Jujuy
El Moreno,Jujuy
Puerta de Colorados,Jujuy
Purmamarca,Jujuy
Tumbaya,Jujuy
Volcán,Jujuy
Valle Grande,Jujuy
Caspalá,Jujuy
Pampichuela,Jujuy
San Francisco,Jujuy
Santa Ana,Jujuy
Valle Colorado,Jujuy
Yavi,Jujuy
Barrios,Jujuy
Cangrejillos,Jujuy
El Cóndor,Jujuy
La Intermedia,Jujuy
La Quiaca,Jujuy
Llulluchayoc,Jujuy
Pumahuasi,Jujuy
Yavi Chico,Jujuy
Rolón,La Pampa
Doblas,La Pampa
Macachín,La Pampa
Miguel Riglos,La Pampa
Tomás M. Anchorena,La Pampa
Anzoátegui,La Pampa
La Adela,La Pampa
Anguil,La Pampa
Santa Rosa,La Pampa
Uriburu,La Pampa
Catriló,La Pampa
La Gloria,La Pampa
Lonquimay,La Pampa
Eduardo Castex,La Pampa
Winifreda,La Pampa
Conhelo,La Pampa
Mauricio Mayer,La Pampa
Monte Nievas,La Pampa
Rucanelo,La Pampa
Gobernador Duval,La Pampa
Puelches,La Pampa
Santa Isabel,La Pampa
Ceballos,La Pampa
Bernardo Larroude,La Pampa
Coronel Hilario Lagos,La Pampa
Intendente Alvear,La Pampa
Sarah,La Pampa
Vértiz,La Pampa
Algarrobo del Águila,La Pampa
La Humada,La Pampa
Perú,La Pampa
Alpachiri,La Pampa
General Manuel J. Campos,La Pampa
Guatraché,La Pampa
Santa Teresa,La Pampa
Bernasconi,La Pampa
Abramo,La Pampa
General San Martín,La Pampa
Hucal,La Pampa
Jacinto Aráuz,La Pampa
Cuchillo Co,La Pampa
La Reforma,La Pampa
Limay Mahuida,La Pampa
Telén,La Pampa
Carro Quemado,La Pampa
Loventué,La Pampa
Luan Toro,La Pampa
Victorica,La Pampa
Dorila,La Pampa
Agustoni,La Pampa
General Pico,La Pampa
Speluzzi,La Pampa
Trebolares,La Pampa
Puelén,La Pampa
Casa de Piedra,La Pampa
25 de Mayo,La Pampa
Miguel Cané,La Pampa
Colonia Barón,La Pampa
Colonia San José,La Pampa
Quemú Quemú,La Pampa
Relmo,La Pampa
Villa Mirasol,La Pampa
Quetrequén,La Pampa
Caleufú,La Pampa
Ingeniero Foster,La Pampa
La Maruja,La Pampa
Parera,La Pampa
Pichi Huinca,La Pampa
Rancul,La Pampa
Adolfo Van Praet,La Pampa
Alta Italia,La Pampa
Damián Maisonave,La Pampa
Embajador Martini,La Pampa
Falucho,La Pampa
Ingeniero Luiggi,La Pampa
Ojeda,La Pampa
Realicó,La Pampa
Cachirulo,La Pampa
Naicó,La Pampa
Toay,La Pampa
Arata,La Pampa
Metileo,La Pampa
Trenel,La Pampa
Quehué,La Pampa
Ataliva Roca,La Pampa
Chacharramendi,La Pampa
Colonia Santa María,La Pampa
General Acha,La Pampa
Unanué,La Pampa
San Miguel,La Rioja
Los Sarmientos,La Rioja
Machigasta,La Rioja
Aimogasta,La Rioja
San Antonio,La Rioja
Guandacol,La Rioja
Santa Clara,La Rioja
Banda Florida,La Rioja
Villa Unión,La Rioja
Anguinán,La Rioja
Chilecito,La Rioja
La Puntilla,La Rioja
Amuschina,La Rioja
Andolucas,La Rioja
Chaupihuasi,La Rioja
Las Talas,La Rioja
Los Robles,La Rioja
Salicas,La Rioja
Shaqui,La Rioja
Suriyaco,La Rioja
Tuyubil,La Rioja
Alpasinche,La Rioja
Cuipán,La Rioja
San Blas,La Rioja
Estación Mazán,La Rioja
Aimogasta,La Rioja
Bañado de los Pantanos,La Rioja
Termas de Santa Teresita,La Rioja
Villa Mazán,La Rioja
La Rioja,La Rioja
Aminga,La Rioja
Anillaco,La Rioja
Anjullón,La Rioja
Chuquis,La Rioja
Los Molinos,La Rioja
Pinchas,La Rioja
San Pedro,La Rioja
Santa Vera Cruz,La Rioja
Guandacol,La Rioja
Pagancillo,La Rioja
Aicuñá,La Rioja
Los Palacios,La Rioja
Villa Unión,La Rioja
Chamical,La Rioja
Polco,La Rioja
Colonia Vichigasta,La Rioja
Nonogasta,La Rioja
Chilecito,La Rioja
Colonia Anguinán,La Rioja
Colonia Malligasta,La Rioja
Guanchín,La Rioja
Malligasta,La Rioja
Miranda,La Rioja
San Nicolás,La Rioja
Santa Florentina,La Rioja
Sañogasta,La Rioja
Tilimuqui,La Rioja
Vichigasta,La Rioja
Angulos,La Rioja
Chañarmuyo,La Rioja
Alto Carrizal,La Rioja
Antinaco,La Rioja
Bajo Carrizal,La Rioja
Campanas,La Rioja
Famatina,La Rioja
La Cuadra,La Rioja
Pituil,La Rioja
Plaza Vieja,La Rioja
Santa Cruz,La Rioja
Santo Domingo,La Rioja
Punta de los Llanos,La Rioja
Tama,La Rioja
Loma Blanca,La Rioja
Castro Barros,La Rioja
Chañar,La Rioja
Olta,La Rioja
Portezuelo,La Rioja
Malanzán,La Rioja
Nácate,La Rioja
San Antonio,La Rioja
Milagro,La Rioja
Villa Castelli,La Rioja
Ambil,La Rioja
Colonia Ortiz de Ocampo,La Rioja
Olpas,La Rioja
Santa Rita de Catuna,La Rioja
Ulapes,La Rioja
Jagüé,La Rioja
Villa San José de Vinchina,La Rioja
Amaná,La Rioja
Patquía,La Rioja
Chepes,La Rioja
Desiderio Tello,La Rioja
Salicas - San Blas,La Rioja
Villa Sanagasta,La Rioja
Bermejo,Mendoza
1ra Sección,Mendoza
2da Sección,Mendoza
3ra Sección,Mendoza
4ta Sección,Mendoza
5ta Sección,Mendoza
6ta Sección,Mendoza
7ma Sección,Mendoza
9na Sección,Mendoza
10ma Sección,Mendoza
11va Sección,Mendoza
8va Sección,Mendoza
Ciudad de Godoy Cruz,Mendoza
Las Tortugas,Mendoza
Presidente Sarmiento,Mendoza
San Francisco del Monte,Mendoza
Gobernador Benegas,Mendoza
Buena Nueva,Mendoza
Capilla del Rosario,Mendoza
Dorrego,Mendoza
El Sauce,Mendoza
Jesús Nazareno,Mendoza
Las Cañas,Mendoza
Nueva Ciudad,Mendoza
Rodeo de la Cruz,Mendoza
San Francisco del Monte,Mendoza
San José,Mendoza
Pedro Molina,Mendoza
Villa Nueva,Mendoza
General Belgrano,Mendoza
Capdevila,Mendoza
Ciudad de Las Heras,Mendoza
El Algarrobal,Mendoza
El Borbollón,Mendoza
El Challao,Mendoza
El Resguardo,Mendoza
El Zapallar,Mendoza
La Cieneguita,Mendoza
Sierras de Encalada,Mendoza
El Plumerillo,Mendoza
Panquehuá,Mendoza
Carrodilla,Mendoza
Ciudad Luján de Cuyo,Mendoza
La Puntilla,Mendoza
Mayor Drummond,Mendoza
Chacras de Coria,Mendoza
Vistalba,Mendoza
Coquimbito,Mendoza
General Gutiérrez,Mendoza
Luzuriaga,Mendoza
Ciudad de Maipú,Mendoza
Cuadro Ortega,Mendoza
La Florida,Mendoza
Palmira,Mendoza
San Martín,Mendoza
San Rafael,Mendoza
Cuadro Nacional,Mendoza
Tupungato,Mendoza
Villa Bastias,Mendoza
Las Violetas,Mendoza
Mendoza,Mendoza
Bowen,Mendoza
Carmensa,Mendoza
General Alvear,Mendoza
3 de Mayo,Mendoza
Los Compartos,Mendoza
Godoy Cruz,Mendoza
Colonia Segovia,Mendoza
Guaymallén,Mendoza
La Primavera,Mendoza
Los Corralitos,Mendoza
Puente de Hierro,Mendoza
Ingeniero Giagnoni,Mendoza
Junín,Mendoza
La Colonia,Mendoza
Medrano,Mendoza
Phillips,Mendoza
Rodríguez Peña,Mendoza
Los Barriales,Mendoza
Desaguadero,Mendoza
Villa Antigua,Mendoza
La Paz,Mendoza
Blanco Encalada,Mendoza
Las Cuevas,Mendoza
Las Heras,Mendoza
Los Penitentes,Mendoza
Polvaredas,Mendoza
Punta de Vacas,Mendoza
Uspallata,Mendoza
Puente del Inca,Mendoza
Jocolí,Mendoza
Barrio Alto del Olvido,Mendoza
Barrio Jocolí II,Mendoza
Barrio La Palmera,Mendoza
Barrio La Pega,Mendoza
Barrio Los Jarilleros,Mendoza
Barrio Los Olivos,Mendoza
Barrio Virgen del Rosario,Mendoza
El Paramillo,Mendoza
El Vergel,Mendoza
Ingeniero Gustavo André,Mendoza
Jocolí Viejo,Mendoza
Villa Tulumaya,Mendoza
Costa de Araujo,Mendoza
Jocolí,Mendoza
Barrio Lagunas de Bartoluzzi,Mendoza
Agrelo,Mendoza
Barrio Perdriel IV,Mendoza
Cacheuta,Mendoza
Costa Flores,Mendoza
El Carrizal,Mendoza
El Salto,Mendoza
Las Vegas,Mendoza
Luján de Cuyo,Mendoza
Perdriel,Mendoza
Potrerillos,Mendoza
Ugarteche,Mendoza
Las Compuertas,Mendoza
Barrancas,Mendoza
Barrio Jesús de Nazaret,Mendoza
El Pedregal,Mendoza
Fray Luis Beltrán,Mendoza
Maipú,Mendoza
Rodeo del Medio,Mendoza
San Roque,Mendoza
Villa Teresa,Mendoza
Cruz de Piedra,Mendoza
Agua Escondida,Mendoza
Malargüe,Mendoza
Las Leñas,Mendoza
Andrade,Mendoza
Barrio Cooperativa Los Campamentos,Mendoza
Barrio Rivadavia,Mendoza
El Mirador,Mendoza
La Esperanza,Mendoza
La Florida,Mendoza
La Libertad,Mendoza
Los Árboles,Mendoza
Los Campamentos,Mendoza
Mundo Nuevo,Mendoza
Reducción de Abajo,Mendoza
Rivadavia,Mendoza
Santa María de Oro,Mendoza
Medrano,Mendoza
La Central,Mendoza
Alto Verde,Mendoza
Barrio Carrasco,Mendoza
Barrio El Cepillo,Mendoza
Eugenio Bustos,Mendoza
La Consulta,Mendoza
Pareditas,Mendoza
Chilecito,Mendoza
San Carlos,Mendoza
Barrio Chivilcoy,Mendoza
Barrio La Estación,Mendoza
Barrio Los Charabones,Mendoza
Barrio Ntra. Sra. De Fátima,Mendoza
Chivilcoy,Mendoza
El Espino,Mendoza
El Ramblón,Mendoza
Nueva California,Mendoza
San Martín,Mendoza
Tres Porteñas,Mendoza
Chapanay,Mendoza
Montecaseros,Mendoza
Barrio Emanuel,Mendoza
Barrio El Nevado,Mendoza
Barrio Empleados de Comercio,Mendoza
Barrio Intendencia,Mendoza
Capitán Montoya,Mendoza
El Nihuil,Mendoza
El Sosneado,Mendoza
El Tropezón,Mendoza
Jaime Prats,Mendoza
La Llave Nueva,Mendoza
Las Malvinas,Mendoza
Monte Comán,Mendoza
Pobre Diablo,Mendoza
Punta del Agua,Mendoza
Rama Caída,Mendoza
Real del Padre,Mendoza
Salto de las Rosas,Mendoza
San Rafael,Mendoza
25 de Mayo,Mendoza
Villa Atuel,Mendoza
Villa Atuel Norte,Mendoza
Goudge,Mendoza
Los Reyunos,Mendoza
Cuadro Benegas,Mendoza
Barrio María Auxiliadora,Mendoza
Barrio Molina Cabrera,Mendoza
La Dormida,Mendoza
Las Catitas,Mendoza
Santa Rosa,Mendoza
Barrio 12 de Octubre,Mendoza
Barrio San Cayetano,Mendoza
Campo Los Andes,Mendoza
Colonia Las Rosas,Mendoza
El Manzano,Mendoza
Tunuyán,Mendoza
Vista Flores,Mendoza
Los Sauces,Mendoza
Barrio Belgrano Norte,Mendoza
Cordón del Plata,Mendoza
El Zampal,Mendoza
La Arboleda,Mendoza
San José,Mendoza
El Peral,Mendoza
Tupungato,Mendoza
Dos de Mayo Núcleo I,Misiones
Dos de Mayo Núcleo II,Misiones
Azara,Misiones
Barrio Rural,Misiones
Estación Apóstoles,Misiones
Pindapoy,Misiones
Rincón de Azara,Misiones
San José,Misiones
Tres Capones,Misiones
Apóstoles,Misiones
Aristóbulo del Valle,Misiones
Campo Grande,Misiones
Dos de Mayo Nucleo III (Bº Bernardino Rivadavia),Misiones
1º de Mayo,Misiones
Pueblo Illia,Misiones
Candelaria,Misiones
Salto Encantado,Misiones
Kilómetro 17,Misiones
Dos de Mayo,Misiones
Bonpland,Misiones
Cerro Corá,Misiones
Mártires,Misiones
Profundidad,Misiones
Puerto Santa Ana,Misiones
Loreto,Misiones
Santa Ana,Misiones
Barrio del Lago,Misiones
Garupá,Misiones
Nemesio Parma,Misiones
Posadas (Extensión),Misiones
Posadas,Misiones
Barra Concepción,Misiones
Concepción de la Sierra,Misiones
La Corita,Misiones
Santa María,Misiones
Colonia Victoria,Misiones
María Magdalena,Misiones
Nueva Delicia,Misiones
9 de Julio Kilómetro 28,Misiones
9 de Julio Kilómetro 20,Misiones
Pueblo Nuevo,Misiones
Puerto Mado,Misiones
Puerto Pinares,Misiones
Valle Hermoso,Misiones
Villa Roulet,Misiones
Santiago de Liniers,Misiones
Eldorado,Misiones
Comandante Andresito,Misiones
Caburei,Misiones
Dos Hermanas,Misiones
Integración,Misiones
Puerto Andresito,Misiones
Puerto Deseado,Misiones
San Antonio,Misiones
Piñalito Norte,Misiones
Bernardo de Irigoyen,Misiones
El Soberbio,Misiones
Fracrán,Misiones
San Vicente,Misiones
Puerto Libertad,Misiones
Puerto Iguazú,Misiones
Villa Cooperativa,Misiones
Puerto Esperanza,Misiones
Colonia Wanda,Misiones
Almafuerte,Misiones
Caá - Yarí,Misiones
Cerro Azul,Misiones
Dos Arroyos,Misiones
Gobernador López,Misiones
Leandro N. Alem,Misiones
Olegario V. Andrade,Misiones
Villa Libertad,Misiones
Arroyo del Medio,Misiones
Capioví,Misiones
El Alcázar,Misiones
Garuhapé,Misiones
Mbopicuá,Misiones
Puerto Rico,Misiones
Ruiz de Montoya,Misiones
San Alberto,Misiones
San Miguel,Misiones
Villa Akerman,Misiones
Villa Urrutia,Misiones
Puerto Leoni,Misiones
San Gotardo,Misiones
Capioviciño,Misiones
Barrio Cuatro Bocas,Misiones
Barrio Guatambu,Misiones
Bario Ita,Misiones
Laharrague,Misiones
Montecarlo,Misiones
Piray Kilómetro 18,Misiones
Tarumá,Misiones
Villa Parodi,Misiones
Puerto Piray,Misiones
Caraguatay,Misiones
Colonia Alberdi,Misiones
Barrio Escuela 633,Misiones
Campo Ramón,Misiones
Campo Viera,Misiones
General Alvear,Misiones
Guaraní,Misiones
Los Helechos,Misiones
Oberá,Misiones
Panambí,Misiones
Panambí Kilómetro 8,Misiones
Panambi Kilómetro 15,Misiones
Villa Bonita,Misiones
San Martín,Misiones
Barrio Escuela 461,Misiones
El Salto,Misiones
Colonia Polana,Misiones
Corpus,Misiones
Domingo Savio,Misiones
General Urquiza,Misiones
Gobernador Roca,Misiones
Helvecia,Misiones
Hipólito Yrigoyen,Misiones
Oasis,Misiones
Roca Chica,Misiones
San Ignacio,Misiones
Jardín América,Misiones
Santo Pipó,Misiones
Barrio Tungoil,Misiones
Florentino Ameghino,Misiones
Itacaruaré,Misiones
Mojón Grande,Misiones
San Javier,Misiones
Paraíso,Misiones
Piñalito Sur,Misiones
San Pedro,Misiones
Tobuna,Misiones
Cruce Caballero,Misiones
Alba Posse,Misiones
Alicia Baja,Misiones
Colonia Aurora,Misiones
San Francisco de Asís,Misiones
Santa Rita,Misiones
25 de Mayo,Misiones
Alicia Alta,Misiones
Covunco Centro,Neuquén
Mariano Moreno,Neuquén
Zapala,Neuquén
Aluminé,Neuquén
Moquehue,Neuquén
Villa Pehuenia,Neuquén
Aguada San Roque,Neuquén
Añelo,Neuquén
San Patricio del Chañar,Neuquén
Las Coloradas,Neuquén
Piedra del Águila,Neuquén
Santo Tomás,Neuquén
Arroyito,Neuquén
Centenario,Neuquén
Cutral Có,Neuquén
Mari Menuco,Neuquén
Neuquén,Neuquén
Plottier,Neuquén
Senillosa,Neuquén
Villa El Chocón,Neuquén
Vista Alegre Sur,Neuquén
Plaza Huincul,Neuquén
Vista Alegre Norte,Neuquén
Chos Malal,Neuquén
Tricao Malal,Neuquén
Villa del Curi Leuvú,Neuquén
Junín de los Andes,Neuquén
San Martín de los Andes,Neuquén
Villa Lago Meliquina,Neuquén
Chorriaca,Neuquén
Loncopué,Neuquén
Villa La Angostura,Neuquén
Villa Traful,Neuquén
Andacollo,Neuquén
Las Ovejas,Neuquén
Los Miches,Neuquén
Manzano Amargo,Neuquén
Villa del Nahueve,Neuquén
Huinganco,Neuquén
Varvarco,Neuquén
Caviahue,Neuquén
Copahue,Neuquén
El Cholar,Neuquén
El Huecú,Neuquén
Taquimilán,Neuquén
Barrancas,Neuquén
Buta Ranquil,Neuquén
Rincón de los Sauces,Neuquén
Octavio Pico,Neuquén
El Sauce,Neuquén
Paso Aguerre,Neuquén
Picún Leufú,Neuquén
Bajada del Agrio,Neuquén
La Buitrera,Neuquén
Las Lajas,Neuquén
Quili Malal,Neuquén
Los Catutos,Neuquén
Mariano Moreno,Neuquén
Ramón M. Castro,Neuquén
San Carlos de Bariloche,Río Negro
Villa Llao Llao,Río Negro
Villa Campanario,Río Negro
Cinco Saltos,Río Negro
General Roca,Río Negro
Barrio Presidente Perón,Río Negro
Cipolletti,Río Negro
Barrio Pino Azul,Río Negro
Barrio La Lor,Río Negro
Bahía Creek,Río Negro
El Cóndor,Río Negro
Guardia Mitre,Río Negro
La Lobería,Río Negro
Loteo Costa de Río,Río Negro
San Javier,Río Negro
Pomona,Río Negro
Viedma,Río Negro
El Juncal,Río Negro
Pozo Salado,Río Negro
Barrio Unión,Río Negro
Chelforó,Río Negro
Chimpay,Río Negro
Coronel Belisle,Río Negro
Darwin,Río Negro
Lamarque,Río Negro
Luis Beltrán,Río Negro
Choele Choel,Río Negro
Colonia Suiza,Río Negro
El Foyel,Río Negro
Mallín Ahogado,Río Negro
Río Villegas,Río Negro
San Carlos de Bariloche,Río Negro
Villa Mascardi,Río Negro
Villa Catedral,Río Negro
El Bolsón,Río Negro
General Conesa,Río Negro
Barrio Planta Compresora de Gas,Río Negro
Barrio Colonia Conesa,Río Negro
Cerro Policía,Río Negro
Mencué,Río Negro
Naupa Huen,Río Negro
Las Perlas,Río Negro
Valle Azul,Río Negro
Aguada Guzmán,Río Negro
Paso Córdova,Río Negro
El Cuy,Río Negro
Villa San Isidro,Río Negro
Paso Córdova,Río Negro
General Enrique Godoy,Río Negro
Barrio Guerrico,Río Negro
Barrio Unión,Río Negro
Cinco Saltos,Río Negro
Barrio Mar del Plata,Río Negro
Barrio Norte,Río Negro
Barrio La Herradura,Río Negro
Barrio El Labrador,Río Negro
Barrio Fátima,Río Negro
Barrio Costa Este,Río Negro
Allen,Río Negro
Mainqué,Río Negro
Barrio Santa Rita,Río Negro
Barrio Moño Azul,Río Negro
Barrio Destacamento,Río Negro
Barrio Luisillo,Río Negro
Paraje Arroyón (Bajo San Cayetano),Río Negro
Barrio Blanco,Río Negro
Barrio Calle Ciega Nº 6,Río Negro
Barrio Costa Oeste,Río Negro
Barrio El Maruchito,Río Negro
Barrio Frontera,Río Negro
Puente Cero,Río Negro
Barrio María Elvira,Río Negro
Barrio Pinar,Río Negro
Barrio Isla 10,Río Negro
Barrio Santa Lucia,Río Negro
Catriel,Río Negro
Cipolletti,Río Negro
General Fernández Oro,Río Negro
General Roca,Río Negro
Ingeniero Luis A. Huergo,Río Negro
Península Ruca Co,Río Negro
Villa Alberdi,Río Negro
Villa Manzano,Río Negro
Barda del Medio,Río Negro
Barrio Canale,Río Negro
Barrio Chacra Monte,Río Negro
Barrio Calle Ciega Nº 10,Río Negro
Barrio El Petróleo,Río Negro
Barrio Emergente,Río Negro
Barrio La Costa,Río Negro
Barrio La Defensa,Río Negro
Barrio La Barda,Río Negro
Barrio Porvenir,Río Negro
Cervantes,Río Negro
Chichinales,Río Negro
Contralmirante Cordero,Río Negro
Ferri,Río Negro
Ingeniero Otto Krause,Río Negro
Sargento Vidal,Río Negro
Villa Regina,Río Negro
Villa del Parque,Río Negro
Prahuaniyeu,Río Negro
Yaminué,Río Negro
Comicó,Río Negro
Sierra Colorada,Río Negro
Treneta,Río Negro
Ministro Ramos Mexía,Río Negro
Cona Niyeu,Río Negro
Mamuel Choique,Río Negro
Río Chico,Río Negro
Ñorquincó,Río Negro
Ojos de Agua,Río Negro
Las Bayas,Río Negro
Río Colorado,Río Negro
Barrio Esperanza,Río Negro
Colonia Juliá y Echarren,Río Negro
Juventud Unida,Río Negro
Pichi Mahuida,Río Negro
Salto Andersen,Río Negro
Laguna Blanca,Río Negro
Villa Llanquín,Río Negro
Dina Huapi,Río Negro
Cañadón Chileno,Río Negro
Comallo,Río Negro
Ñirihuau,Río Negro
Pilcaniyeu,Río Negro
Pilquiniyeu del Limay,Río Negro
Sierra Grande,Río Negro
Playas Doradas,Río Negro
El Empalme,Río Negro
Las Grutas,Río Negro
Punta Colorada,Río Negro
Saco Viejo,Río Negro
San Antonio Oeste,Río Negro
Puerto San Antonio Este,Río Negro
Sierra Pailemán,Río Negro
Arroyo Los Berros,Río Negro
Valcheta,Río Negro
Arroyo Ventana,Río Negro
Nahuel Niyeu,Río Negro
Aguada Cecilio,Río Negro
El Caín,Río Negro
Colan Conhue,Río Negro
Aguada de Guerra,Río Negro
Clemente Onelli,Río Negro
Ingeniero Jacobacci,Río Negro
Pilquiniyeu,Río Negro
Los Menucos,Río Negro
Maquinchao,Río Negro
Country Club La Almudena,Salta
Salta,Salta
Country Club El Tipal,Salta
Misión Tierras Fiscales,Salta
General Mosconi,Salta
Embarcación,Salta
Recaredo,Salta
La Misión,Salta
Colonia Santa Rosa,Salta
Las Lajitas,Salta
Luis Burela,Salta
Piquete Cabado,Salta
General Pizarro,Salta
Coronel Mollinedo,Salta
Apolinario Saravia,Salta
Coronel Olleros,Salta
El Quebrachal,Salta
Gaona,Salta
Joaquín V. González,Salta
Nuestra Señora de Talavera,Salta
Río del Valle,Salta
Ceibalito,Salta
Centro 25 de Junio,Salta
Tolloche,Salta
Macapillo,Salta
Payogasta,Salta
Cachi,Salta
Cafayate,Salta
Tolombón,Salta
Villa San Lorenzo,Salta
Salta,Salta
La Merced,Salta
Cerrillos,Salta
San Agustín,Salta
Chicoana,Salta
Barrio Finca La Maroma,Salta
El Carril,Salta
Barrio La Rotonda,Salta
Barrio Santa Teresita,Salta
El Bordo,Salta
Cobos,Salta
Campo Santo,Salta
General Güemes,Salta
General Mosconi,Salta
Padre Lozano,Salta
Tobantirenda,Salta
Coronel Cornejo,Salta
Campichuelo,Salta
Tartagal,Salta
Carboncito,Salta
Aguaray,Salta
Campo Durán,Salta
Capiazuti,Salta
Dragones,Salta
General Ballivián,Salta
Hickman,Salta
Misión Kilómetro 6,Salta
Pacará,Salta
Piquirenda,Salta
Tranquitas,Salta
Embarcación,Salta
Misión Chaqueña,Salta
Profesor Salvador Mazza,Salta
Yacuy,Salta
Guachipas,Salta
Pueblo Viejo,Salta
Iruya,Salta
Isla de Cañas,Salta
Vaqueros,Salta
La Caldera,Salta
El Jardín,Salta
El Tala,Salta
La Candelaria,Salta
Cobres,Salta
La Poma,Salta
Cabra Corral,Salta
Coronel Moldes,Salta
La Viña,Salta
Talapampa,Salta
Ampascachi,Salta
Santa Rosa de los Pastos Grandes,Salta
Olacapato,Salta
San Antonio de los Cobres,Salta
Tolar Grande,Salta
Lumbreras,Salta
San José de Orquera,Salta
El Tunal,Salta
El Galpón,Salta
San José de Metán (Est. Metán),Salta
Río Piedras,Salta
Molinos,Salta
La Puerta,Salta
Seclantás,Salta
Aguas Blancas,Salta
El Tabacal,Salta
Colonia Santa Rosa,Salta
Hipólito Yrigoyen,Salta
San Ramón de la Nueva Orán,Salta
Pichanal,Salta
Urundel,Salta
Santa María,Salta
Alto de la Sierra,Salta
Coronel Juan Solá,Salta
Pluma de Pato,Salta
Santa Victoria Este,Salta
Capitán Juan Pagé,Salta
Los Blancos,Salta
Santa Rosa,Salta
Rivadavia,Salta
La Unión,Salta
Hito 1,Salta
Copo Quile,Salta
El Potrero,Salta
Rosario de la Frontera,Salta
Antillá,Salta
El Naranjo,Salta
San Felipe,Salta
La Merced del Encón,Salta
Rosario de Lerma,Salta
La Silleta,Salta
Campo Quijano,Salta
San Carlos,Salta
Animaná,Salta
Angastaco,Salta
Acoyte,Salta
Los Toldos,Salta
Santa Victoria,Salta
Poscaya,Salta
Nazareno,Salta
San Marcos,Salta
Campo La Cruz,Salta
Villa Sefair,San Juan
Villa El Salvador,San Juan
Los Médanos,San Juan
Las Talas,San Juan
Pampa Vieja,San Juan
La Falda,San Juan
Villa Nacusi,San Juan
La Rinconada,San Juan
Villa Aberastain,San Juan
Villa Barboza,San Juan
El Medanito,San Juan
Rawson,San Juan
Santa Lucía,San Juan
Colonia Gutiérrez,San Juan
La Chimbera,San Juan
Villa Borjas,San Juan
Villa Basilio Nievas,San Juan
Villa Tacú,San Juan
El Rincón,San Juan
Villa General San Martín - Campo Afuera,San Juan
Villa El Salvador - Villa Sefair,San Juan
Las Tapias,San Juan
Calingasta,San Juan
Tamberías,San Juan
Barreal - Villa Pituil,San Juan
San Juan,San Juan
Bermejo,San Juan
Caucete,San Juan
Las Talas - Los Médanos,San Juan
Pie de Palo,San Juan
Vallecito,San Juan
Villa Independencia,San Juan
Marayes,San Juan
El Rincón,San Juan
Chimbas,San Juan
Angualasto,San Juan
Pismanta,San Juan
Rodeo,San Juan
Tudcum,San Juan
Iglesia,San Juan
Las Flores,San Juan
Pampa Vieja,San Juan
Mogna,San Juan
Niquivil,San Juan
Villa Malvinas Argentinas,San Juan
San José de Jáchal,San Juan
Gran China,San Juan
El Médano,San Juan
San Isidro,San Juan
Tamberías,San Juan
Villa Mercedes,San Juan
Huaco,San Juan
Alto de Sierra,San Juan
Las Chacritas,San Juan
9 de Julio,San Juan
Villa Centenario,San Juan
Barrio Ruta 40,San Juan
Villa Aberastain - La Rinconada,San Juan
Carpintería,San Juan
Villa Barboza - Villa Nacusi,San Juan
Quinto Cuartel,San Juan
Barrio Municipal,San Juan
Rawson,San Juan
Villa Bolaños (Médano de Oro),San Juan
Rivadavia,San Juan
Dos Acequias,San Juan
Villa Don Bosco,San Juan
Villa Dominguito,San Juan
Villa San Martín,San Juan
Barrio Sadop - Bella Vista,San Juan
Villa del Salvador,San Juan
San Isidro,San Juan
Santa Lucía,San Juan
Los Berros,San Juan
Cañada Honda,San Juan
Cienaguita,San Juan
Colonia Fiscal,San Juan
Punta del Médano,San Juan
Villa Media Agua,San Juan
Pedernal,San Juan
Divisadero,San Juan
Las Lagunas,San Juan
Villa Ibáñez,San Juan
Usno,San Juan
Chucuma,San Juan
Los Baldecitos,San Juan
Villa San Agustín,San Juan
Balde del Rosario,San Juan
Astica,San Juan
El Encón,San Juan
Villa Borjas - La Chimbera,San Juan
Villa Santa Rosa,San Juan
Villa El Tango,San Juan
Tupelí,San Juan
Villa Basilio Nievas,San Juan
El Chorrillo,San Luis
5ta Brigada,San Luis
La Ribera,San Luis
Villa Mercedes,San Luis
Country Club Los Caldenes,San Luis
Las Chacras,San Luis
San Roque,San Luis
Cruz de Piedra,San Luis
Cerro Colorado,San Luis
Leandro N. Alem,San Luis
San Francisco del Monte de Oro,San Luis
Candelaria,San Luis
Quines,San Luis
Luján,San Luis
La Calera,San Luis
Villa de la Quebrada,San Luis
Villa General Roca,San Luis
Nogolí,San Luis
Estancia Grande,San Luis
Carolina,San Luis
El Trapiche,San Luis
La Toma,San Luis
Riocito,San Luis
Saladillo,San Luis
Fraga,San Luis
La Florida,San Luis
Cortaderas,San Luis
Concarán,San Luis
Naschel,San Luis
Tilisarao,San Luis
Villa del Carmen,San Luis
Villa Larca,San Luis
San Pablo,San Luis
Renca,San Luis
Papagayos,San Luis
Juan Jorba,San Luis
Justo Daract,San Luis
San José del Morro,San Luis
Villa Mercedes,San Luis
Villa Reynolds,San Luis
Unión,San Luis
Villa Salles,San Luis
Nación Ranquel,San Luis
Juan Llerena,San Luis
Lavaisse,San Luis
La Punilla,San Luis
Martín de Loyola,San Luis
Nahuel Mapá,San Luis
Anchorena,San Luis
Buena Esperanza,San Luis
Fortín El Patria,San Luis
Fortuna,San Luis
Los Overos,San Luis
Nueva Galia,San Luis
Navia,San Luis
La Maroma,San Luis
Batavia,San Luis
Bagual,San Luis
Arizona,San Luis
Los Cajones,San Luis
Merlo,San Luis
Carpintería,San Luis
Lafinur,San Luis
Los Molles,San Luis
Talita,San Luis
Santa Rosa del Conlara,San Luis
Potrero de los Funes,San Luis
Salinas del Bebedero,San Luis
Jarilla,San Luis
Alto Pelado,San Luis
Cazador,San Luis
Mosmota,San Luis
San Luis,San Luis
Desaguadero,San Luis
Zanjitas,San Luis
San Jerónimo,San Luis
Chosmes,San Luis
La Punta,San Luis
El Volcán,San Luis
Juana Koslay,San Luis
Beazley,San Luis
Balde,San Luis
Alto Pencoso,San Luis
Villa de Praga,San Luis
Las Aguadas,San Luis
Potrerillo,San Luis
San Martín,San Luis
Paso Grande,San Luis
La Vertiente,San Luis
Las Lagunas,San Luis
Las Chacras,San Luis
Comandante Luis Piedrabuena,Santa Cruz
Puerto Santa Cruz,Santa Cruz
Jaramillo,Santa Cruz
Cañadón Seco,Santa Cruz
Las Heras,Santa Cruz
Puerto Deseado,Santa Cruz
Pico Truncado,Santa Cruz
Tellier,Santa Cruz
Koluel Kaike,Santa Cruz
Caleta Olivia,Santa Cruz
Fitz Roy,Santa Cruz
El Turbio,Santa Cruz
Yacimientos Río Turbio,Santa Cruz
28 de Noviembre,Santa Cruz
Julia Dufour,Santa Cruz
Rospentek,Santa Cruz
Río Gallegos,Santa Cruz
El Chaltén,Santa Cruz
El Calafate,Santa Cruz
Tres Lagos,Santa Cruz
Los Antiguos,Santa Cruz
Perito Moreno,Santa Cruz
Puerto San Julián,Santa Cruz
Bajo Caracoles,Santa Cruz
Gobernador Gregores,Santa Cruz
Hipólito Yrigoyen,Santa Cruz
Presidente Roca,Santa Fe
Estación Presidente Roca,Santa Fe
Villa Adelina,Santa Fe
Sauce Viejo,Santa Fe
Arroyo Leyes,Santa Fe
Rincón Norte,Santa Fe
Bouquet,Santa Fe
Las Rosas,Santa Fe
Montes de Oca,Santa Fe
Armstrong,Santa Fe
Las Parejas,Santa Fe
Tortugas,Santa Fe
Arequito,Santa Fe
Beravebú,Santa Fe
Casilda,Santa Fe
Los Molinos,Santa Fe
Los Nogales,Santa Fe
Los Quirquinchos,Santa Fe
Sanford,Santa Fe
Godoy,Santa Fe
Arteaga,Santa Fe
San José de la Esquina,Santa Fe
Villada,Santa Fe
Gödeken,Santa Fe
Bigand,Santa Fe
Chañar Ladeado,Santa Fe
Chabas,Santa Fe
Colonia Raquel,Santa Fe
Villa San José,Santa Fe
Zenón Pereyra,Santa Fe
Estación Saguier,Santa Fe
Eustolia,Santa Fe
Garibaldi,Santa Fe
Ataliva,Santa Fe
Bella Italia,Santa Fe
Vila,Santa Fe
Esmeralda,Santa Fe
Tacural,Santa Fe
Josefina,Santa Fe
María Juana,Santa Fe
Plaza Clucellas,Santa Fe
San Antonio,Santa Fe
Susana,Santa Fe
Villa Josefina,Santa Fe
Virginia,Santa Fe
Lehmann,Santa Fe
Rafaela,Santa Fe
Ramona,Santa Fe
San Vicente,Santa Fe
Pueblo Marini,Santa Fe
Nueva Lehmann,Santa Fe
Presidente Roca,Santa Fe
Humberto Primo,Santa Fe
Castellanos,Santa Fe
Eusebia y Carolina,Santa Fe
Frontera,Santa Fe
Egusquiza,Santa Fe
Colonia Bicha,Santa Fe
Estación Clucellas,Santa Fe
Colonia Cello,Santa Fe
Coronel Fraga,Santa Fe
Colonia Margarita,Santa Fe
Bauer y Sigel,Santa Fe
Aldao,Santa Fe
Angélica,Santa Fe
Barrios Acapulco y Veracruz,Santa Fe
Aurelia,Santa Fe
Plaza Saguier,Santa Fe
Sunchales,Santa Fe
Santa Clara de Saguier,Santa Fe
Barrio Mitre,Santa Fe
Máximo Paz,Santa Fe
Juan B. Molina,Santa Fe
La Vanguardia,Santa Fe
Alcorta,Santa Fe
Cañada Rica,Santa Fe
General Gelly,Santa Fe
Peyrano,Santa Fe
Empalme Villa Constitución,Santa Fe
Bombal,Santa Fe
Firmat,Santa Fe
Cepeda,Santa Fe
Pavón,Santa Fe
Juncal,Santa Fe
Barrio Arroyo del Medio,Santa Fe
Stephenson,Santa Fe
Theobald,Santa Fe
Villa Constitución,Santa Fe
Sargento Cabral,Santa Fe
Santa Teresa,Santa Fe
Rueda,Santa Fe
Pavón Arriba,Santa Fe
Helvecia,Santa Fe
Santa Rosa de Calchines,Santa Fe
Cayastá,Santa Fe
Los Zapallos,Santa Fe
Saladero Mariano Cabal,Santa Fe
Murphy,Santa Fe
Maggiolo,Santa Fe
Miguel Torres,Santa Fe
Serodino,Santa Fe
San Francisco de Santa Fe,Santa Fe
Firmat,Santa Fe
Cañada del Ucle,Santa Fe
Amenábar,Santa Fe
Chovet,Santa Fe
Lazzarino,Santa Fe
Aarón Castellanos,Santa Fe
Carreras,Santa Fe
Cafferata,Santa Fe
Chapuy,Santa Fe
La Chispa,Santa Fe
Venado Tuerto,Santa Fe
Elortondo,Santa Fe
Diego de Alvear,Santa Fe
Hughes,Santa Fe
Labordeboy,Santa Fe
Carmen,Santa Fe
Rufino,Santa Fe
Melincué,Santa Fe
María Teresa,Santa Fe
Christophersen,Santa Fe
Teodelina,Santa Fe
Villa Cañás,Santa Fe
Santa Isabel,Santa Fe
Sancti Spiritu,Santa Fe
Wheelwright,Santa Fe
San Gregorio,Santa Fe
San Eduardo,Santa Fe
La Sarita,Santa Fe
Florencia,Santa Fe
Los Laureles,Santa Fe
Avellaneda,Santa Fe
El Araza,Santa Fe
Reconquista,Santa Fe
San Antonio de Obligado,Santa Fe
Arroyo Ceibal,Santa Fe
Guadalupe Norte,Santa Fe
Ingeniero Chanourdie,Santa Fe
El Rabón,Santa Fe
Lanteri,Santa Fe
Classon,Santa Fe
Tacuarendí,Santa Fe
La Isleta,Santa Fe
Malabrigo,Santa Fe
Paraje San Manuel,Santa Fe
Villa Ana,Santa Fe
Las Toscas,Santa Fe
Villa Ocampo,Santa Fe
Villa Guillermina,Santa Fe
Las Garzas,Santa Fe
Berna,Santa Fe
Puerto Reconquista,Santa Fe
Sarmiento,Santa Fe
Villa La Rivera (Oliveros),Santa Fe
Villa La Rivera (Pueblo Andino),Santa Fe
Correa,Santa Fe
Colonia Médici,Santa Fe
Pueblo Andino,Santa Fe
Cañada de Gómez,Santa Fe
Villa Eloísa,Santa Fe
Salto Grande,Santa Fe
Larguía,Santa Fe
Carrizales,Santa Fe
Barrio Cicarelli,Santa Fe
Bustinza,Santa Fe
Oliveros,Santa Fe
Lucio V. López,Santa Fe
Totoras,Santa Fe
Arroyo Leyes,Santa Fe
Paraje Chaco Chico,Santa Fe
Santa Fe,Santa Fe
Laguna Paiva,Santa Fe
Campo Andino,Santa Fe
Nelson,Santa Fe
Llambi Campbell,Santa Fe
Angel Gallardo,Santa Fe
Emilia,Santa Fe
Rincón Potrero,Santa Fe
San José del Rincón,Santa Fe
Santo Tomé,Santa Fe
Villa Laura,Santa Fe
Recreo,Santa Fe
Arroyo Aguiar,Santa Fe
Sauce Viejo,Santa Fe
Monte Vera,Santa Fe
Paraje La Costa,Santa Fe
Candioti,Santa Fe
Cabal,Santa Fe
Empalme San Carlos,Santa Fe
Esperanza,Santa Fe
Grutly,Santa Fe
Cavour,Santa Fe
Las Tunas,Santa Fe
Humboldt,Santa Fe
María Luisa,Santa Fe
Providencia,Santa Fe
Jacinto L. Aráuz,Santa Fe
San Carlos Norte,Santa Fe
Plaza Matilde,Santa Fe
Sa Pereyra,Santa Fe
Pilar,Santa Fe
San Agustín,Santa Fe
San Jerónimo del Sauce,Santa Fe
San Carlos Sud,Santa Fe
Nuevo Torino,Santa Fe
San Mariano,Santa Fe
Santo Domingo,Santa Fe
Santa Clara de Buena Vista,Santa Fe
Felicia,Santa Fe
Cululú,Santa Fe
Progreso,Santa Fe
La Pelada,Santa Fe
San Carlos Centro,Santa Fe
San Jerónimo Norte,Santa Fe
Franck,Santa Fe
Hipatía,Santa Fe
Matilde,Santa Fe
Elisa,Santa Fe
San Bernardo,Santa Fe
Esteban Rams,Santa Fe
Gato Colorado,Santa Fe
Gregoria Pérez de Denis,Santa Fe
Villa Minetti,Santa Fe
Logroño,Santa Fe
Santa Margarita,Santa Fe
Pozo Borrado,Santa Fe
Montefiore,Santa Fe
Tostado,Santa Fe
Pueblo Esther,Santa Fe
Arroyo Seco,Santa Fe
Los Muchachos - La Alborada,Santa Fe
Villa Amelia,Santa Fe
Villa del Plata,Santa Fe
Arbilla,Santa Fe
Álvarez,Santa Fe
Alvear,Santa Fe
El Caramelo,Santa Fe
Carmen del Sauce,Santa Fe
Albarellos,Santa Fe
Pueblo Muñóz,Santa Fe
Arminda,Santa Fe
Monte Flores,Santa Fe
Granadero Baigorria,Santa Fe
Acébal,Santa Fe
Puerto Arroyo Seco,Santa Fe
Fighiera,Santa Fe
Piñero,Santa Fe
Ibarlucea,Santa Fe
Coronel Rodolfo S. Domínguez,Santa Fe
Pérez,Santa Fe
Kilómetro 101,Santa Fe
Funes,Santa Fe
Soldini,Santa Fe
Pueblo Uranga,Santa Fe
Zavalla,Santa Fe
Coronel Bogado,Santa Fe
Cuatro Esquinas,Santa Fe
General Lagos,Santa Fe
Rosario,Santa Fe
Villa Gobernador Gálvez,Santa Fe
Suardi,Santa Fe
Moisés Ville,Santa Fe
Capivara,Santa Fe
Las Avispas,Santa Fe
Villa Saralegui,Santa Fe
Villa Trinidad,Santa Fe
Colonia Rosa,Santa Fe
Palacios,Santa Fe
Huanqueros,Santa Fe
La Cabral,Santa Fe
Monigotes,Santa Fe
Constanza,Santa Fe
La Lucila,Santa Fe
Ceres,Santa Fe
Ambrosetti,Santa Fe
Colonia Bossi,Santa Fe
Aguará Grande,Santa Fe
Las Palmeras,Santa Fe
La Rubia,Santa Fe
Balneario La Verde,Santa Fe
Santurce,Santa Fe
Hersilia,Santa Fe
Soledad,Santa Fe
San Guillermo,Santa Fe
Ñanducita,Santa Fe
Arrufo,Santa Fe
Curupaytí,Santa Fe
San Cristóbal,Santa Fe
Colonia Ana,Santa Fe
San Javier,Santa Fe
Cacique Ariacaiquín,Santa Fe
La Brava,Santa Fe
Romang,Santa Fe
Alejandra,Santa Fe
Colonia Durán,Santa Fe
Gálvez,Santa Fe
Gessler,Santa Fe
Puerto Aragón,Santa Fe
Monje,Santa Fe
Larrechea,Santa Fe
San Eugenio,Santa Fe
Coronda,Santa Fe
San Genaro,Santa Fe
Maciel,Santa Fe
Desvío Arijón,Santa Fe
Bernardo de Irigoyen,Santa Fe
Arocena,Santa Fe
Balneario Monje,Santa Fe
Centeno,Santa Fe
López,Santa Fe
Barrio El Pacaá - Barrio Comipini,Santa Fe
Loma Alta,Santa Fe
Barrio Caima,Santa Fe
Irigoyen,Santa Fe
Barrancas,Santa Fe
Díaz,Santa Fe
Casalegno,Santa Fe
San Genaro Norte,Santa Fe
San Fabián,Santa Fe
Gaboto,Santa Fe
Esther,Santa Fe
Pedro Gómez Cello,Santa Fe
Ramayón,Santa Fe
Silva,Santa Fe
San Justo,Santa Fe
San Martín Norte,Santa Fe
Gobernador Crespo,Santa Fe
Marcelino Escalada,Santa Fe
Angeloni,Santa Fe
Naré,Santa Fe
Colonia Dolores,Santa Fe
Vera y Pintado,Santa Fe
La Penca y Caraguatá,Santa Fe
Videla,Santa Fe
San Bernardo,Santa Fe
Cayastacito,Santa Fe
La Criolla,Santa Fe
San Jerónimo Sud,Santa Fe
Villa Mugueta,Santa Fe
San Lorenzo,Santa Fe
Villa Elvira,Santa Fe
Ricardone,Santa Fe
Pujato,Santa Fe
Capitán Bermúdez,Santa Fe
Coronel Arnold,Santa Fe
Timbúes,Santa Fe
Puerto General San Martín,Santa Fe
Fuentes,Santa Fe
Aldao,Santa Fe
Carcarañá,Santa Fe
Fray Luis Beltrán,Santa Fe
Roldán,Santa Fe
Luis Palacios,Santa Fe
Crispi,Santa Fe
Sastre,Santa Fe
Landeta,Santa Fe
Traill,Santa Fe
Piamonte,Santa Fe
Las Petacas,Santa Fe
Las Bandurrias,Santa Fe
San Martín de las Escobas,Santa Fe
Colonia Belgrano,Santa Fe
Los Cardos,Santa Fe
Cañada Rosquín,Santa Fe
Castelar,Santa Fe
Casas,Santa Fe
María Susana,Santa Fe
El Trébol,Santa Fe
Wildermuth,Santa Fe
San Jorge,Santa Fe
Carlos Pellegrini,Santa Fe
Toba,Santa Fe
Fortín Olmos,Santa Fe
Intiyaco,Santa Fe
Pueblo Santa Lucía,Santa Fe
Pozo de los Indios,Santa Fe
La Gallareta,Santa Fe
Tartagal,Santa Fe
Garabato,Santa Fe
Kilómetro 115,Santa Fe
Calchaquí,Santa Fe
Vera,Santa Fe
Colmena,Santa Fe
Margarita,Santa Fe
Cañada Ombú,Santa Fe
Golondrina,Santa Fe
Paraje 29,Santa Fe
Los Amores,Santa Fe
Malbrán,Santiago Del Estero
Argentina,Santiago Del Estero
Casares,Santiago Del Estero
Villa General Mitre,Santiago Del Estero
Coronel Manuel L. Rico,Santiago Del Estero
Sachayoj,Santiago Del Estero
Donadeu,Santiago Del Estero
Campo Gallo,Santiago Del Estero
Santos Lugares,Santiago Del Estero
Villa Atamisqui,Santiago Del Estero
Estación Atamisqui,Santiago Del Estero
Medellín,Santiago Del Estero
Lugones,Santiago Del Estero
Herrera,Santiago Del Estero
Villa Mailín,Santiago Del Estero
Real Sayana,Santiago Del Estero
Colonia Dora,Santiago Del Estero
Icaño,Santiago Del Estero
Los Soria,Santiago Del Estero
Cañada Escobar,Santiago Del Estero
Los Quiroga,Santiago Del Estero
Abra Grande,Santiago Del Estero
La Aurora,Santiago Del Estero
Clodomira,Santiago Del Estero
Ardiles,Santiago Del Estero
Antajé,Santiago Del Estero
Chaupi Pozo,Santiago Del Estero
La Dársena,Santiago Del Estero
La Banda,Santiago Del Estero
Simbolar,Santiago Del Estero
Tramo 16,Santiago Del Estero
Tramo 20,Santiago Del Estero
Huyamampa,Santiago Del Estero
Guardia Escolta,Santiago Del Estero
Cuatro Bocas,Santiago Del Estero
Bandera,Santiago Del Estero
Fortín Inca,Santiago Del Estero
Yanda,Santiago Del Estero
Morales,Santiago Del Estero
Puesto de San Antonio,Santiago Del Estero
Santa María,Santiago Del Estero
El Deán,Santiago Del Estero
El Mojón,Santiago Del Estero
Maquito,Santiago Del Estero
Los Cardozos,Santiago Del Estero
San Pedro,Santiago Del Estero
Maco,Santiago Del Estero
Vuelta de la Barranca,Santiago Del Estero
El Zanjón,Santiago Del Estero
Santiago del Estero,Santiago Del Estero
Los Pirpintos,Santiago Del Estero
San José del Boquerón,Santiago Del Estero
Pampa de los Guanacos,Santiago Del Estero
Monte Quemado,Santiago Del Estero
Los Tigres,Santiago Del Estero
Urutaú,Santiago Del Estero
El Caburé,Santiago Del Estero
Ancaján,Santiago Del Estero
Tapso,Santiago Del Estero
Laprida,Santiago Del Estero
Frías,Santiago Del Estero
Villa La Punta,Santiago Del Estero
Choya,Santiago Del Estero
Estación La Punta,Santiago Del Estero
San Pedro,Santiago Del Estero
Bandera Bajada,Santiago Del Estero
La Invernada,Santiago Del Estero
La Cañada,Santiago Del Estero
El Crucero,Santiago Del Estero
Colonia San Juan,Santiago Del Estero
Villa Figueroa,Santiago Del Estero
Vaca Huañuna,Santiago Del Estero
Minerva,Santiago Del Estero
Caspi Corral,Santiago Del Estero
Los Juríes,Santiago Del Estero
Averías,Santiago Del Estero
Estación Tacañitas,Santiago Del Estero
La Nena,Santiago Del Estero
Tomás Young,Santiago Del Estero
Añatuya,Santiago Del Estero
Lavalle,Santiago Del Estero
San Pedro,Santiago Del Estero
Isca Yacu,Santiago Del Estero
Gramilla,Santiago Del Estero
El Charco,Santiago Del Estero
El Bobadal,Santiago Del Estero
El Arenal,Santiago Del Estero
Pozo Hondo,Santiago Del Estero
El Rincón,Santiago Del Estero
Isca Yacu Semaul,Santiago Del Estero
San Pedro,Santiago Del Estero
Suncho Corral,Santiago Del Estero
Vilelas,Santiago Del Estero
Yuchán,Santiago Del Estero
El Cuadrado,Santiago Del Estero
El Colorado,Santiago Del Estero
Matará,Santiago Del Estero
Villa San Martín (Est. Loreto),Santiago Del Estero
Villa Unión,Santiago Del Estero
Roversi,Santiago Del Estero
Hernán Mejía Miraval,Santiago Del Estero
Pueblo Pablo Torelo,Santiago Del Estero
Lilo Viejo,Santiago Del Estero
Alhuampa,Santiago Del Estero
Patay,Santiago Del Estero
Las Tinajas,Santiago Del Estero
Hasse,Santiago Del Estero
Weisburd,Santiago Del Estero
Aerolito,Santiago Del Estero
Quimili,Santiago Del Estero
Vilmer,Santiago Del Estero
Libertad,Santiago Del Estero
Tintina,Santiago Del Estero
Villa Ojo de Agua,Santiago Del Estero
El 49,Santiago Del Estero
Sol de Julio,Santiago Del Estero
Rapelli,Santiago Del Estero
Nueva Esperanza,Santiago Del Estero
Pozo Betbeder,Santiago Del Estero
Las Delicias,Santiago Del Estero
Santo Domingo,Santiago Del Estero
El Mojón,Santiago Del Estero
Ramírez de Velazco,Santiago Del Estero
Beltrán,Santiago Del Estero
Sumampa Viejo,Santiago Del Estero
Sumampa,Santiago Del Estero
Chauchillas,Santiago Del Estero
El Sauzal,Santiago Del Estero
El Charco,Santiago Del Estero
Pozuelos,Santiago Del Estero
Mansupa,Santiago Del Estero
Rodeo de Valdez,Santiago Del Estero
Vinará,Santiago Del Estero
Los Núñez,Santiago Del Estero
Colonia Tinco,Santiago Del Estero
La Nueva Donosa,Santiago Del Estero
Los Miranda,Santiago Del Estero
Gramilla,Santiago Del Estero
Villa Río Hondo,Santiago Del Estero
Villa Giménez,Santiago Del Estero
Termas de Río Hondo,Santiago Del Estero
Selva,Santiago Del Estero
Colonia Alpina,Santiago Del Estero
Palo Negro,Santiago Del Estero
Fernández,Santiago Del Estero
Colonia El Simbolar,Santiago Del Estero
Ingeniero Forres,Santiago Del Estero
Los Telares,Santiago Del Estero
Villa Salavina,Santiago Del Estero
Chilca Juliana,Santiago Del Estero
Brea Pozo,Santiago Del Estero
Estación Robles,Santiago Del Estero
Villa Nueva,Santiago Del Estero
Estación Taboada,Santiago Del Estero
Garza,Santiago Del Estero
Villa Silípica,Santiago Del Estero
Sumamao,Santiago Del Estero
Árraga,Santiago Del Estero
Simbol,Santiago Del Estero
Nueva Francia,Santiago Del Estero
Puerto Argentino,"Tierra Del Fuego, Antártida E Islas Del Atlántico Sur"
Río Grande,"Tierra Del Fuego, Antártida E Islas Del Atlántico Sur"
Ushuaia,"Tierra Del Fuego, Antártida E Islas Del Atlántico Sur"
Laguna Escondida,"Tierra Del Fuego, Antártida E Islas Del Atlántico Sur"
Famaillá,Tucumán
Villa Recaste,Tucumán
Ex Ingenio Los Ralos,Tucumán
Alderetes,Tucumán
Villa Tercera,Tucumán
Barrio Aeropuerto,Tucumán
La Florida,Tucumán
Los Gutiérrez,Tucumán
Lastenia,Tucumán
Ex Ingenio Esperanza,Tucumán
Banda del Río Salí,Tucumán
El Paraíso,Tucumán
Ex Ingenio Luján,Tucumán
El Corte,Tucumán
Ingenio La Florida,Tucumán
Ex Ingenio Nueva Baviera,Tucumán
El Manantial,Tucumán
Barrio Araujo,Tucumán
Ingenio Santa Bárbara,Tucumán
Aguilares,Tucumán
Ex Ingenio San José,Tucumán
Yerba Buena - Marcos Paz,Tucumán
Las Cejas,Tucumán
La Ramada,Tucumán
Villa Burruyacú,Tucumán
Macomitas,Tucumán
El Naranjo,Tucumán
Piedrabuena,Tucumán
El Chañar,Tucumán
Villa Padre Monti,Tucumán
Barrio San Jorge,Tucumán
Garmendia,Tucumán
Villa Benjamín Aráoz,Tucumán
Colombres,Tucumán
Banda del Río Salí,Tucumán
La Florida,Tucumán
Los Ralos,Tucumán
El Bracho,Tucumán
San Andrés,Tucumán
Ranchillos,Tucumán
Alderetes,Tucumán
Colonia Mayo - Barrio La Milagrosa,Tucumán
Delfín Gallo,Tucumán
Pacará,Tucumán
Iltico,Tucumán
Arcadia,Tucumán
Alpachiri,Tucumán
La Trinidad,Tucumán
Alto Verde,Tucumán
Concepción,Tucumán
Medina,Tucumán
Famaillá,Tucumán
Campo de Herrera,Tucumán
Ingenio Fronterita,Tucumán
Taco Ralo,Tucumán
Graneros,Tucumán
Lamadrid,Tucumán
Villa Belgrano,Tucumán
Juan Bautista Alberdi,Tucumán
La Cocha,Tucumán
San José de La Cocha,Tucumán
Río Colorado,Tucumán
Los Puestos,Tucumán
Santa Rosa de Leales,Tucumán
Bella Vista,Tucumán
Estación Aráoz,Tucumán
Villa de Leales,Tucumán
Villa Fiad - Ingenio Leales,Tucumán
Manuel García Fernández,Tucumán
Lules,Tucumán
Ingenio San Pablo,Tucumán
Barrio San Felipe,Tucumán
La Reducción,Tucumán
El Manantial,Tucumán
Teniente Berdina,Tucumán
Pueblo Independencia,Tucumán
Capitán Cáceres,Tucumán
Soldado Maldonado,Tucumán
Sargento Moya,Tucumán
Río Seco,Tucumán
Villa Quinteros,Tucumán
Acheral,Tucumán
Santa Lucía,Tucumán
Monteros,Tucumán
Los Sarmientos,Tucumán
Río Chico,Tucumán
Villa Clodomiro Hileret,Tucumán
Santa Ana,Tucumán
Aguilares,Tucumán
San Miguel de Tucumán,Tucumán
Villa Chicligasta,Tucumán
Monteagudo,Tucumán
Atahona,Tucumán
Santa Cruz,Tucumán
Nueva Trinidad,Tucumán
Simoca,Tucumán
Colalao del Valle,Tucumán
Tafí del Valle,Tucumán
Amaicha del Valle,Tucumán
El Mollar,Tucumán
Barrio Mutual San Martín,Tucumán
Villa Mariano Moreno - El Colmenar,Tucumán
El Cadillal,Tucumán
Tafí Viejo,Tucumán
Villa de Trancas,Tucumán
San Pedro de Colalao,Tucumán
Choromoro,Tucumán
Villa Carmela,Tucumán
Yerba Buena - Marcos Paz,Tucumán